comment_num,content,crawled_at,created_at,id,image_url,like_num,location,origin_weibo,repost_num,tool,user_id,video_url,weibo_url
0,养猫的兔子7549转发了姆们说的微博:世界卫生组织WHO官方回复：【目前没有证据表明狗猫能传染冠状病毒】希望大家不要恐慌，不要因为谣言而让小动物们遭到遗弃！管理好自家的宠物，不要散养，文明养护！#宠物接触到疫情也需隔离#媛小媛嘛的微博视频,2020-02-09 01:01,01月30日 23:59,3606750960_IrW92iOJe,,1,,https://weibo.cn/comment/IrVtn5Co7?rl=1#cmtfrm,0,iPhone客户端,3606750960,,https://weibo.com/3606750960/IrW92iOJe
0,亨利卡维尔深圳分维尔:我们开放边境迎接猪瘟，俄罗斯关闭边境阻止冠状病毒，fairenough,2020-02-09 01:01,01月30日 23:59,1323160260_IrW91qr2P,,3,,,1,HUAWEI Mate 20 Pro,1323160260,,https://weibo.com/1323160260/IrW91qr2P
0,百鬼夜行猫1169转发了领养小铺的微博:分享图片,2020-02-09 01:01,01月30日 23:59,2904412173_IrW8ZF3jf,http://wx3.sinaimg.cn/wap180/6dcb8e97ly1gbdvcqaidyj21hc0u0n4s.jpg,0,,https://weibo.cn/comment/IrMFT9gev?rl=1#cmtfrm,0,华为手机 畅享玩不停,2904412173,,https://weibo.com/2904412173/IrW8ZF3jf
0,ZXH爱生活:#双黄连可抑制新型冠状病毒#口罩抢不到，酒精抢不到，消毒液抢不到，连双黄连口服液都抢不到我好难,2020-02-09 01:01,01月31日 23:59,1843027315_Is5zxt5Az,,0,,,0,荣耀20 PRO,1843027315,,https://weibo.com/1843027315/Is5zxt5Az
0,我滴妈呀741转发了头条教育的微博:【“冠状病毒”是什么？武汉新型肺炎病毒是如何使人生病的？】20世纪初，人们发现了一种比细菌还要小的病原体：病毒。病毒由蛋白质外壳和遗传物质组成，必须寄生在细胞里才能表现出生命特征。病毒可以一次次欺骗细胞，最终将自己的遗传物质送到寄主细胞核里。病毒可以在细胞中潜伏很久，在某个时刻突然爆发，寄主就会死亡。人们已经发现了七种冠状病毒，其中有三种可以引起严重疾病，即SARS、MERS和新型冠状病毒，它们都会引起免疫系统的强烈反应，产生细胞因子风暴，大量的白细胞和组织液充斥肺部，造成呼吸困难和死亡。免疫反应既不能太弱，也不能太强，平衡的免疫力才是最好的免疫力。面对病毒，人们的反应与免疫系统一样，毫不在意或者过分恐慌都是不对的，平静的等一段时间，疫情一定会被消灭。#新型冠状病毒##武汉加油##停课不停学##教育在行动##延假期不停学#http://t.cn/A6PiaqjO,2020-02-09 01:02,01月30日 23:59,2707871234_IrW8ZDAKX,,0,,https://weibo.cn/comment/IrKEWz0za?rl=1#cmtfrm,0,荣耀V9 我想要的快,2707871234,,https://weibo.com/2707871234/IrW8ZDAKX
4,LY_不喝奶茶:#双黄连可抑制新型冠状病毒#不知道一觉醒来双黄连会断货吗,2020-02-09 01:02,01月31日 23:59,5728716712_Is5zxt5mc,,0,,,0,,5728716712,,https://weibo.com/5728716712/Is5zxt5mc
0,heyoctoberzzz转发了百度的微博:百度免费开放LinearFold算法，可将#新型冠状病毒RNA分析从55分钟缩短至27秒#！今天，百度研究院宣布，将向各基因检测机构、防疫中心及全世界科学研究中心免费开放线性时间算法LinearFold以及世界上现有最快的RNA结构预测网站，以提升新型冠状病毒RNA空间结构预测速度，助力疫情防控！如有需RNA结构预测算法和技术支持的科研单位、防疫部门等，可联系百度研究院该项目专用邮箱RNA@baidu.com。抗击疫情，众志成城，我们在行动！,2020-02-09 01:02,01月30日 23:59,5241390269_IrW8Zl2bX,http://wx2.sinaimg.cn/wap180/968408a0ly1gbedkhh8buj20jm05g76d.jpg,0,,https://weibo.cn/comment/IrQRukyuN?rl=1#cmtfrm,0,百度贴吧超话,5241390269,,https://weibo.com/5241390269/IrW8Zl2bX
0,这个名字很江转发了医学知识总览的微博:#新型肺炎##中疾控回应何时发现病毒人传人#生物老师在线科普冠状病毒，通俗易懂，你值得了解一下医学知识总览的微博视频,2020-02-09 01:02,01月31日 23:59,5735297133_Is5zxt4y6,,0,,https://weibo.cn/comment/Is4XylMFm?rl=1#cmtfrm,0,柔光自拍vivo X7,5735297133,,https://weibo.com/5735297133/Is5zxt4y6
0,V橙久转发了宠物帮萌星球的微博:由于某媒体篡改院士采访原话，改成“猫狗会感染疫情”，造成居民恐慌，今天凌晨天津和苑·国和园小区已有饲主为了避免被感染，将自家狗摔到楼下惨死警方已介入调查。图6-7是今天上海嘉定区上海汽车城附近摔死的五只猫咪。【后续】目前该媒体已将原帖子中的标题修改，但视频中的字幕依然没改。【后续2】该媒体下午已将错误视频删除，同时关闭了评论！【后续3】20：00左右该媒体已将错误帖子彻底删除[加油][组图共9张],2020-02-09 01:02,01月30日 23:59,3837121462_IrW8Z4hkk,http://wx1.sinaimg.cn/wap180/005AgWM7ly1gbeiou5i2kj30ku0uxwjc.jpg,0,,https://weibo.cn/comment/IrRWUjIUK?rl=1#cmtfrm,0,小米9,3837121462,,https://weibo.com/3837121462/IrW8Z4hkk
0,特浓奶冻珠珠鲜芋仙:#双黄连可抑制新型冠状病毒#别抢双黄连别抢双黄连别抢双黄连别抢双黄连别抢双黄连别抢双黄连别抢双黄连别抢双黄连别抢双黄连别抢双黄连别抢双黄连别抢双黄连是抑制不是预防抑制！！！抑制！！youknow?,2020-02-09 01:02,01月31日 23:59,6369052269_Is5zxrGfW,http://wx4.sinaimg.cn/wap180/006X1Trvly1gbg6s4jtkjj30u01rcn8j.jpg,0,,,0,鲜芋仙的Android,6369052269,,https://weibo.com/6369052269/Is5zxrGfW
0,_SILSehun_转发了李永乐老师的微博:【“冠状病毒”是什么？武汉新型肺炎病毒是如何使人生病的？】20世纪初，人们发现了一种比细菌还要小的病原体：病毒。病毒由蛋白质外壳和遗传物质组成，必须寄生在细胞里才能表现出生命特征。病毒可以一次次欺骗细胞，最终将自己的遗传物质送到寄主细胞核里。病毒可以在细胞中潜伏很久，在某个时刻突然爆发，寄主就会死亡。人们已经发现了七种冠状病毒，其中有三种可以引起严重疾病，即SARS、MERS和新型冠状病毒，它们都会引起免疫系统的强烈反应，产生细胞因子风暴，大量的白细胞和组织液充斥肺部，造成呼吸困难和死亡。免疫反应既不能太弱，也不能太强，平衡的免疫力才是最好的免疫力。面对病毒，人们的反应与免疫系统一样，毫不在意或者过分恐慌都是不对的，平静的等一段时间，疫情一定会被消灭。#新型冠状病毒##武汉加油##抗击新型肺炎第一线##科普老师李永乐##教育在行动##延假期不停学#http://t.cn/A6PiaqjO,2020-02-09 01:02,01月30日 23:59,2721308872_IrW8Ysyxy,,0,,https://weibo.cn/comment/IrHSyBPRD?rl=1#cmtfrm,0,iPhone,2721308872,,https://weibo.com/2721308872/IrW8Ysyxy
0,居嫂今天不喝奶茶:#双黄连可抑制新型冠状病毒#已经定好闹钟明天一早就冲去附近药房买一盒（虽然听起来有板蓝根效应，但有备无妨）,2020-02-09 01:02,01月31日 23:59,2499433810_Is5zxrF8V,,0,,,0,拢龙给我买Android,2499433810,,https://weibo.com/2499433810/Is5zxrF8V
1,蚕丛鱼凫-:那些吃蝙蝠的人，卖蝙蝠的商家，不作为的湖北政府，请问睡得着吗？吃了蝙蝠长寿了吗？纳税人的钱养了一群酒囊饭袋是吗？就是因为你们这群吃蝙蝠的畜生和不作为的湖北政府，把整个地图都点亮点红了，开心么？？从此以后大家提到湖北，最先想到的就是“哦，就是那个吃蝙蝠害了全中国的地方”，这样的标签喜欢吗？？？要不是你们乱吃蝙蝠，我就不用每天都担心我男朋友上班安不安全，有没有时间吃饭？会不会被感染？也是因为你们这群吃蝙蝠的畜生，让这个年过得提心吊胆。#新型冠状病毒##湖北政府不作为#,2020-02-09 01:02,01月30日 23:59,2678879023_IrW8Yqj1n,,12,,,0,iPhone客户端,2678879023,,https://weibo.com/2678879023/IrW8Yqj1n
1,周叔易道:#双黄连可抑制新型冠状病毒#好消息！好消息！好消息！双黄连口服液可以抑制新型冠状病毒，转发给身边的朋友！周叔易道的微博视频,2020-02-09 01:02,01月31日 23:59,6496225401_Is5zxqUPc,,5,,,1,,6496225401,,https://weibo.com/6496225401/Is5zxqUPc
4,青橙小米粥:#双黄连可抑制新型冠状病毒#希望公开这个结论的依据，实验支撑，数据支撑。哪个专家团队用什么办法知道的？怎么起到抑制效果的？一共筛选了哪些药品，为什么一定得是双黄莲口服液？柳叶刀上论文走一波啊？,2020-02-09 01:02,01月31日 23:59,2616290484_Is5zxptvN,,11,,,0,iPhone客户端,2616290484,,https://weibo.com/2616290484/Is5zxptvN
1,精选成都:#成都身边事#【四川一出生4天新生儿患肺炎昏迷，交警接力送医】1月28日，四川高速民警接到求助，达州一刚出生4天的新生婴儿因感染肺炎昏迷，急需送往成都的医院救治。民警接力将患儿护送至医院。据悉，该婴儿是唇腭裂导致肺炎，和新型冠状病毒肺炎无关。患儿抢救无效不幸去世。#全民抗疫#http://t.cn/A6PidSqo,2020-02-09 01:02,01月30日 23:59,1820014950_IrW8XiUY0,,1,,,0,HUAWEI P10 Plus,1820014950,,https://weibo.com/1820014950/IrW8XiUY0
0,小点V:2020年1月大事记。新型冠状病毒肺炎爆发，科比去世，春节假期延期。,2020-02-09 01:02,01月31日 23:59,1644548270_Is5zxpqDT,,0,,,0,OPPO R9s,1644548270,,https://weibo.com/1644548270/Is5zxpqDT
0,爱彬彬的子洪:#高福#键盘侠太可怕，尤其是有意图挑动声势的键盘侠。对于新型冠状病毒的认识本来就是在逐步推进，科学家们不过把自己的认识过程写成论文，这些认识过程只不过想给后面的人奠定一些文字基础。怎么就有自己没本事发论文又眼红别人论文的小丑跳出来呢？尤其在举国上下共同战疫的情况下，内讧啊！希望高院士好好研究，多出成就！http://t.cn/RyhYBYM显示地图,2020-02-09 01:02,01月30日 23:59,1233918314_IrW8Xgo6S,,1,http://t.cn/RyhYBYM,,0,HUAWEI Mate 20,1233918314,,https://weibo.com/1233918314/IrW8Xgo6S
0,雎鸠知州:#双黄连可抑制新型冠状病毒#这个应该也可以有点用吧[组图共2张],2020-02-09 01:02,01月31日 23:59,5697871343_Is5zx9fN1,http://wx1.sinaimg.cn/wap180/006dBGCHly1gbg6rvtx1pj33341f4kjl.jpg,1,,,0,nova5Pro人像超级夜景,5697871343,,https://weibo.com/5697871343/Is5zx9fN1
,,2020-02-09 01:02,,3606750960,,,,,,,,,
,,2020-02-09 01:03,,1323160260,,,,,,,,,
,,2020-02-09 01:03,,1843027315,,,,,,,,,
0,冰川121转发了王冰汝的微博:美国亚利桑那州立大学发现一例确诊新型冠状病毒病患后，不少学生们都很紧张。上万人请愿停课，但学校没有同意。学校制作了一个超专业视频，就新型冠状病毒与学生们进行一次坦诚对话。ASU不愧是传媒牛校http://t.cn/A6PSddmW学校一名学生特别向我强调一点：据新闻报道，ASU确诊患者归国探亲回校的学生，学校已经做出隔离防护工作。鉴于感染人数少，隔离救治及时，学校才制作了视频对学生进行科普教育。请广大网友严格按照卫健委，钟南山院士和专业医护人员的建议进行防护。,2020-02-09 01:03,01月30日 23:59,1043215740_IrW8Wpulz,,0,,https://weibo.cn/comment/IrV50wezM?rl=1#cmtfrm,0,iPhone客户端,1043215740,,https://weibo.com/1043215740/IrW8Wpulz
0,马弘历:月子第十天，突然间全身发抖，特冷，盖了被子之后好点了，现在是冠状病毒危险期，脑子瞬间想到的就是担心自己感染了病毒，特害怕死，因为我还有我爱的我的父母，我的姐妹弟，我的两个孩子，和我最爱的老公，不想离开他们，我就是想说，我很爱你们，不想和你们分开，,2020-02-09 01:03,01月30日 23:59,2212952141_IrW8Wp9f9,,0,,,0,iPhone客户端,2212952141,,https://weibo.com/2212952141/IrW8Wp9f9
0,-Qiar-转发了领养小铺的微博:分享图片,2020-02-09 01:03,01月30日 23:59,5069691414_IrW8W6Hcr,http://wx3.sinaimg.cn/wap180/6dcb8e97ly1gbdvcqaidyj21hc0u0n4s.jpg,0,,https://weibo.cn/comment/IrMFT9gev?rl=1#cmtfrm,0,iPhone客户端,5069691414,,https://weibo.com/5069691414/IrW8W6Hcr
0,我同事上班打呼噜:⚠️猫狗身上缺少ace2酶，毒株s-蛋白无法结合，猫狗不会成为新冠状病毒的带毒生物！一定要把正确事实传播给大众！避免猫狗因为不实言论遭到遗弃和伤害！,2020-02-09 01:03,01月30日 23:59,5556869525_IrW8VtzT6,http://wx1.sinaimg.cn/wap180/006443BPly1gbf15ibk61j30u0190tby.jpg,0,,,0,HUAWEI Mate 9,5556869525,,https://weibo.com/5556869525/IrW8VtzT6
0,半斤菱角_转发了欧洲文艺评论的微博:在这次肺炎疫情事件中，出现了一些优秀的观察者、记录者和反思者，把你认为值得作为资料存档的文章或微博豆瓣文字，以图片或链接形式发在评论区，做个资料汇总。（带有敏感文字的图片，发我私信）,2020-02-09 01:03,01月30日 23:59,5800758432_IrW8Vfyn7,,0,,https://weibo.cn/comment/Irsl8DgLZ?rl=1#cmtfrm,0,vivo X20全面屏手机,5800758432,,https://weibo.com/5800758432/IrW8Vfyn7
,,2020-02-09 01:03,,2707871234,,,,,,,,,
,,2020-02-09 01:03,,5735297133,,,,,,,,,
0,我想陪你去东和西:因为新型冠状病毒🦠让生日变得无聊，没有惊喜没有意外就这样结束了，往后余生，能如我所愿，在对自己说一句生日快乐吧,2020-02-09 01:03,01月30日 23:59,2141581892_IrW8U2X8E,,0,,,0,iPhone客户端,2141581892,,https://weibo.com/2141581892/IrW8U2X8E
0,龙懒懒的小晴天转发了宠物帮萌星球的微博:由于某媒体篡改院士采访原话，改成“猫狗会感染疫情”，造成居民恐慌，今天凌晨天津和苑·国和园小区已有饲主为了避免被感染，将自家狗摔到楼下惨死警方已介入调查。图6-7是今天上海嘉定区上海汽车城附近摔死的五只猫咪。【后续】目前该媒体已将原帖子中的标题修改，但视频中的字幕依然没改。【后续2】该媒体下午已将错误视频删除，同时关闭了评论！【后续3】20：00左右该媒体已将错误帖子彻底删除[加油][组图共9张],2020-02-09 01:03,01月30日 23:59,2517184934_IrW8Tre8c,http://wx1.sinaimg.cn/wap180/005AgWM7ly1gbeiou5i2kj30ku0uxwjc.jpg,0,,https://weibo.cn/comment/IrRWUjIUK?rl=1#cmtfrm,0,荣耀9 美得有声有色,2517184934,,https://weibo.com/2517184934/IrW8Tre8c
0,北京_彬爷转发了媛小媛嘛的微博:世界卫生组织WHO官方回复猫狗身上缺少ACE2酶，毒株s-蛋白无法结合，猫狗不会成为新冠状病毒的带毒生物！希望大家不要恐慌，也不要因为谣言而让小动物们遭到遗弃！武汉加油天佑众生🙏#宠物接触到疫情也需隔离##武汉加油#媛小媛嘛的微博视频,2020-02-09 01:03,01月30日 23:59,1871659471_IrW8T8UNv,,0,,https://weibo.cn/comment/IrVsikj5M?rl=1#cmtfrm,1,HUAWEI P30 Pro,1871659471,,https://weibo.com/1871659471/IrW8T8UNv
0,桂桂非同凡响:全国新冠状病毒肺炎情形严峻，春节假期延长，真的宅在家里，这是一个很好的陪伴的日子，应该开心！连续几晚都失眠了，半夜梦醒一身冷汗，想要有温暖的拥抱，你像隔离似的离我远远的，我靠近你，你就很生气，亲爱的，老婆为什么不能吻自己的老公，我真的伤心💔我是真的爱你，一直容忍你，可我不知道我能忍到什么时候，我担心我会爆发、不爆发可能会抑郁。不怕遇到问题，只要你对我坦诚，给我一个真实的答案，我们一起面对好吗？我愿意一起面对任何问题。你的逃避不是办法，而是一刀一刀刺痛我的心。这种名存实亡的感觉真的是女人的悲哀。如果不爱一个人，请早点放手，不伤自己也不害他人🙏,2020-02-09 01:03,01月30日 23:59,5883130710_IrW8SzmyU,,0,,,0,iPhone客户端,5883130710,,https://weibo.com/5883130710/IrW8SzmyU
0,江西交通12328:【全省路况报道】#路况信息#截止1月31日0：00，一、受新型冠状病毒疫情影响：1、G56杭瑞高速九瑞段，南阳收费站入口封闭，出口对下高速车辆进行劝返；瑞昌、狮子站出口对湖北牌照车辆以及湖北方向下高速车辆进行劝返。2、G60沪昆高速昌金段，黄土岗、宜春站出口广场劝返新余市所有车辆，入口正常通行，彬江站出口除彬江本地人外，劝返其他所有车辆。新余站对非本地车辆进行劝返。入口正常通行。西村站通过询问所有车辆入口站，针对新余车辆进行劝返。入口正常通行。3、G35济广高速鹰瑞北段，南城东、高田、南丰、白舍、金溪收费站出口实行交通管制，本地人员出示身份证及工作证方可通行，除运输医疗救援物资（含原材料）、群众生活物质和保障城市运行的水、电、油、气等相关物资的货运车辆，邮政、运钞车辆，医疗救护、消防应急、抢险车辆和电力、电讯、供水等工程车辆及殡葬车辆以外，一律进行劝返，入口正常通行。4、G70福银高速温沙段，南城、上塘、黎川、熊村收费站出口实行交通管制，本地人员出示身份证及工作证方可通行，除运输医疗救援物资（含原材料）、群众生活物质和保障城市运行的水、电、油、气等相关物资的货运车辆，邮政、运钞车辆，医疗救护、消防应急、抢险车辆和电力、电讯、供水等工程车辆及殡葬车辆以外，一律进行劝返，入口正常通行。5、S81万宜高速，袁州、万载南站在出口广场外劝返新余市所有车辆，入口正常通行，宜春北站在出口广场外劝返从高安、新余、丰城过来的车辆，入口正常通行。6、G70福银高速九江长江二桥，八里湖、赛城站出口对鄂牌车辆进行劝返。7、S42东昌高速，杜市、桥东、丽村、樟树东、双金站出口广场，防疫部门及地方交警对外地车辆进行劝返。8、G1517莆炎高速井睦段，K676-K678公里处（井冈山服务区附近，睦村往井冈山方向）引导车辆驶入井冈山服务区接受医检，现场单道缓慢通行。9、G76厦蓉高速瑞赣段，赣州西站对除赣州以外车牌的所有车辆进行劝返。10、S46抚吉高速，宜黄收费站出口实行交通管制，本地人员出示身份证及工作证方可通行，除运输医疗救援物资（含原材料）、群众生活物质和保障城市运行的水、电、油、气等相关物资的货运车辆，邮政、运钞车辆，医疗救护、消防应急、抢险车辆和电力、电讯、供水等工程车辆及殡葬车辆以外，一律进行劝返，入口正常通行。11、S38昌栗高速东段上高东、上高西站对除当地以外的所有车辆进行劝返；西段万载、万载西、慈化站对除当地以外的所有车辆进行劝返，入口正常通行。12、S81铜宜高速铜万段三兴站对新余、分宜车辆及非本县车辆一律进行劝返，入口正常通行；罗城站对新余及分宜车辆进行劝返，入口正常通行。13、S46资里高速，法水温泉站出口实行交通管制，除运输医疗救援物资（含原材料）、群众生活物质和保障城市运行的水、电、油、气等相关物资的货运车辆，邮政、运钞车辆，医疗救护、消防应急、抢险车辆和电力、电讯、供水等工程车辆及殡葬车辆以外，一律进行劝返，入口正常通行。14、G60沪昆高速梨温段，玉山、广丰、上饶东站出口广场，防疫部门及地方交警对外地车辆进行劝返，上饶西、经开区、弋阳站针对鄂、浙牌照，以及入口收费站为浙江、湖北境内的车辆进行劝返，进贤站出口对鄂牌照车辆进行劝返。15、G45大广高速赣定段，南康、南康南、龙回、信丰北、信丰、铁石口、全南收费站出口因当地交警部门在现场防疫检查及对外地车辆进行劝返。16、G4511龙河高速定南、老城收费站出口因当地交警部门在现场防疫检查及对外地车辆进行劝返。17、G6011兴赣高速江口、南塘、兴国南、兴国收费站出口因当地交警部门在现场防疫检查及对外地车辆进行劝返。二、我省其他高速公路通行状况良好。,2020-02-09 01:03,01月30日 23:59,1979350314_IrW8Sxdiz,http://wx2.sinaimg.cn/wap180/75fa7d2agy1gbf14l59bzj20by0by3zx.jpg,2,,,0,微博 weibo.com,1979350314,,https://weibo.com/1979350314/IrW8Sxdiz
,,2020-02-09 01:03,,5241390269,,,,,,,,,
,,2020-02-09 01:03,,5728716712,,,,,,,,,
,,2020-02-09 01:03,,6369052269,,,,,,,,,
,,2020-02-09 01:03,,3837121462,,,,,,,,,
,,2020-02-09 01:03,,2499433810,,,,,,,,,
,,2020-02-09 01:03,,6496225401,,,,,,,,,
,,2020-02-09 01:03,,2678879023,,,,,,,,,
,,2020-02-09 01:03,,2721308872,,,,,,,,,
,,2020-02-09 01:03,,1233918314,,,,,,,,,
,,2020-02-09 01:03,,2904412173,,,,,,,,,
,,2020-02-09 01:03,,1820014950,,,,,,,,,
,,2020-02-09 01:03,,2616290484,,,,,,,,,
0,该用户已经累了m:#双黄连可抑制新型冠状病毒#这带货能力…兽用都抢完了,2020-02-09 01:03,01月31日 23:59,5387001727_Is5zx9gdE,,0,,,0,iPhone客户端,5387001727,,https://weibo.com/5387001727/Is5zx9gdE
1,挑食怎么啦:板蓝根：轮到你了。睡前乐呵乐呵，今晚好梦。#双黄连可抑制新型冠状病毒##双黄连口服液脱销#,2020-02-09 01:03,01月31日 23:59,1948213020_Is5zx9gl7,,0,,,0,HUAWEI P30,1948213020,,https://weibo.com/1948213020/Is5zx9gl7
0,小幸运的星星女孩:#双黄连可抑制新型冠状病毒#？？？早知道我应该买双黄连而不是维C银翘片了,2020-02-09 01:03,01月31日 23:59,6032446961_Is5zx9i4e,,0,,,0,HUAWEI nova 2s,6032446961,,https://weibo.com/6032446961/Is5zx9i4e
0,花江夏树OvO:#双黄连可抑制新型冠状病毒#估计又有一波产品要被售空了青岛显示地图,2020-02-09 01:03,01月31日 23:59,5219322925_Is5zxbopN,,1,#双黄连可抑制新型冠状病毒#,,0,nova4自拍极点全面屏,5219322925,,https://weibo.com/5219322925/Is5zxbopN
4,xiababy晚安:这次冠状病毒新型肺炎事件快逼疯熹贵妃这个本来就有强迫症洁癖的人了。他恨恨的说，等事情过去，一定要在家里长期大量备着酒精和口罩。,2020-02-09 01:03,01月31日 23:59,2017118045_Is5zxbr0y,,0,,,0,iPhone客户端,2017118045,,https://weibo.com/2017118045/Is5zxbr0y
0,珍珠奶茶49:#双黄连可抑制新型冠状病毒#孕妇慎用,2020-02-09 01:03,01月31日 23:59,5078352186_Is5zxbsmU,,0,,,0,盼蛋❤️のiPhone 7,5078352186,,https://weibo.com/5078352186/Is5zxbsmU
0,胖叔聊营养:据悉日本国立感染病研究所今日宣称，已经将新型冠状病毒成功分离。据知情人士透露，该研究所在20年前就已经开始研究冠状病毒，但是这个病毒变异速度太快。这不禁让我联想到，对病毒的研究不仅关系到人类健康，更关系到世界的安危。未来，谁掌握了病毒的奥秘，就掌握了主动权，就像《生化危机》中的情景一样。所以，中国必须跟上，只有这样才能保障人民的安全。,2020-02-09 01:04,01月31日 23:59,2156421095_Is5zwzHgL,,0,,,0,360安全浏览器,2156421095,,https://weibo.com/2156421095/Is5zwzHgL
,,2020-02-09 01:04,,5697871343,,,,,,,,,
0,狠狠狠想嘎嘎的_grace叶:#双黄连可抑制新型冠状病毒##封城日记##武汉封城#今天去超市，真的是把我自己吓到了吓傻了有木有，限号进入，就像国广那些卖包的奢侈品牌子店一样，还没轮到我进去呢一群穿着全白生化服的两人就进去了对着所有商品一顿猛喷，消毒水🙈你说这些菜我还敢买吗？我买，我还买了小1k剩下的2包尿不湿我也抢了。不过感觉其他人都还满淡定的。就我们买的最多，回家了想泡酒精可不可以？？？,2020-02-09 01:04,01月31日 23:59,1761776232_Is5zwzH3u,http://wx4.sinaimg.cn/wap180/69029268ly1gbg6kxntitj213i13ib29.jpg,1,,,0,Android,1761776232,,https://weibo.com/1761776232/Is5zwzH3u
0,大白牙大妙:#双黄连可抑制新型冠状病毒#中成药居然打了一场翻身仗,2020-02-09 01:04,01月31日 23:59,3205743605_Is5zwzn7H,,0,,,0,Redmi K30 5G先锋,3205743605,,https://weibo.com/3205743605/Is5zwzn7H
0,三十九度风er:#双黄连可抑制新型冠状病毒#当年SARS抢板蓝根，现在改抢双黄连了？,2020-02-09 01:04,01月31日 23:59,5688392930_Is5zwxzKp,,0,,,0,,5688392930,,https://weibo.com/5688392930/Is5zwxzKp
,,2020-02-09 01:04,,1644548270,,,,,,,,,
4,Mia_兔_Baby:奶啤奈雪一点点喜茶coco兰芳园油炸烤串麻辣烫这些你都吃不上#新型冠状病毒#,2020-02-09 01:04,01月30日 23:59,3912367954_IrW8SfxgD,http://wx4.sinaimg.cn/wap180/e931ff52ly1gbf14krvtsj20jy0im75e.jpg,0,,,0,小米8青春版 潮流旗舰,3912367954,,https://weibo.com/3912367954/IrW8SfxgD
0,转身天涯1314:我在看：【钟南山：新型冠状病毒肺炎很可能来自野味】#跟新浪看热点#钟南山：新型冠状病毒肺炎很可能来自野味,2020-02-09 01:04,01月30日 23:59,6422970086_IrW8RkJAO,,0,,,0,新浪新闻客户端,6422970086,,https://weibo.com/6422970086/IrW8RkJAO
1,kk小胃闹闹:大忻州挺住啊，当年非典没有病例，今年的新型冠状病毒一定要抗过去，山西加油[加油]一定做好防护。,2020-02-09 01:04,01月30日 23:59,3157259610_IrW8QuuRt,http://wx2.sinaimg.cn/wap180/bc2ff55aly1gbf12tnzmaj20ci0m8aak.jpg,1,,,0,HUAWEI P30 Pro,3157259610,,https://weibo.com/3157259610/IrW8QuuRt
0,您的好友冷漠的说转发了杭州电视台综合频道的微博:#李兰娟院士再谈新型冠状病毒#【目前病源判定来自野生动物，但尚未找到具体源头】家养的宠物不会携带新型冠状病毒，目前病源判定来自野生动物，但尚未找到具体源头。除武汉以外的其他地区都是输入性病例，所以目前来看这里的动物还不存在传染源。杭州电视台综合频道的微博视频,2020-02-09 01:04,01月30日 23:59,1764995415_IrW8PjslC,,0,,https://weibo.cn/comment/IqQVit02R?rl=1#cmtfrm,0,HUAWEI P20,1764995415,,https://weibo.com/1764995415/IrW8PjslC
0,混世大魔王很酷哦:#新型冠状病毒#WHO已辟谣请理智防疫！！😷[组图共2张],2020-02-09 01:04,01月30日 23:59,2034359945_IrW8O8kTR,http://wx1.sinaimg.cn/wap180/7941de89ly1gbf120ppxhj20n00odwly.jpg,1,,,0,iPhone客户端,2034359945,,https://weibo.com/2034359945/IrW8O8kTR
0,旅游攻略菌:#旅游小攻略[超话]##旅游##河南##河南旅游##河南旅游攻略##带着微博去旅行##遇见美好##不止旅行#旅游攻略菌分享第81期河南旅游攻略：中国人为什么偏爱河南？看看我这篇旅游攻略就明白了，[坏笑]，超全的河南旅游攻略码起来哦！目前因新型冠状病毒疫情严重，建议大家不要出游[组图共9张],2020-02-09 01:04,01月30日 23:59,3889555393_IrW8Nw8AF,http://wx3.sinaimg.cn/wap180/e7d5e7c1gy1gbf12mk9jij20dc24o7br.jpg,0,,,0,旅游小攻略超话,3889555393,,https://weibo.com/3889555393/IrW8Nw8AF
,,2020-02-09 01:04,,1043215740,,,,,,,,,
0,ChildrenWong转发了辰星综艺速递的微博:#最小新型肺炎确诊病例仅2岁#请放下你的盲目自信请照顾好自己和家人对自己和家人朋友负责！能让武汉封城、北京所有庙会取消、上海迪斯尼关闭、贺岁电影全部下架、全国戒备百城空港！！疫情一定严重到超乎我们的想象了！辰星综艺速递的微博视频,2020-02-09 01:04,01月30日 23:59,1304035602_IrW8Nd0nn,,0,,https://weibo.cn/comment/Ir6MFFGqQ?rl=1#cmtfrm,0,iPhone客户端,1304035602,,https://weibo.com/1304035602/IrW8Nd0nn
,,2020-02-09 01:04,,2517184934,,,,,,,,,
,,2020-02-09 01:04,,2141581892,,,,,,,,,
,,2020-02-09 01:04,,5800758432,,,,,,,,,
,,2020-02-09 01:04,,5556869525,,,,,,,,,
,,2020-02-09 01:04,,5069691414,,,,,,,,,
,,2020-02-09 01:04,,1871659471,,,,,,,,,
,,2020-02-09 01:05,,5883130710,,,,,,,,,
,,2020-02-09 01:05,,2156421095,,,,,,,,,
,,2020-02-09 01:05,,1761776232,,,,,,,,,
,,2020-02-09 01:05,,3205743605,,,,,,,,,
,,2020-02-09 01:05,,5688392930,,,,,,,,,
,,2020-02-09 01:05,,5078352186,,,,,,,,,
,,2020-02-09 01:05,,2017118045,,,,,,,,,
,,2020-02-09 01:05,,6032446961,,,,,,,,,
,,2020-02-09 01:05,,5219322925,,,,,,,,,
,,2020-02-09 01:05,,1948213020,,,,,,,,,
,,2020-02-09 01:05,,5387001727,,,,,,,,,
,,2020-02-09 01:05,,1979350314,,,,,,,,,
,,2020-02-09 01:05,,3912367954,,,,,,,,,
,,2020-02-09 01:05,,6422970086,,,,,,,,,
,,2020-02-09 01:05,,3157259610,,,,,,,,,
,,2020-02-09 01:05,,1764995415,,,,,,,,,
,,2020-02-09 01:05,,2034359945,,,,,,,,,
,,2020-02-09 01:05,,3889555393,,,,,,,,,
,,2020-02-09 01:05,,1304035602,,,,,,,,,
,,2020-02-09 01:05,,2212952141,,,,,,,,,
0,相赫哥的小迷弟耶转发了姆们说的微博:世界卫生组织WHO官方回复：【目前没有证据表明狗猫能传染冠状病毒】希望大家不要恐慌，不要因为谣言而让小动物们遭到遗弃！管理好自家的宠物，不要散养，文明养护！#宠物接触到疫情也需隔离#媛小媛嘛的微博视频,2020-02-09 01:05,01月30日 23:59,6163573140_IrW8M20qa,,0,,https://weibo.cn/comment/IrVtn5Co7?rl=1#cmtfrm,1,荣耀V10 我AI的快,6163573140,,https://weibo.com/6163573140/IrW8M20qa
0,青莲邀月转发了微博：该账号因被投诉违反法律法规和《微博社区公约》的相关规定，现已无法查看。查看帮助https://kefu.weibo.com/faqdetail?id=13216,2020-02-09 01:05,01月30日 23:59,1583452697_IrW8LtcD9,,0,,https://weibo.cn/comment/IrTIUAGeu?rl=1#cmtfrm,0,联想Z5 · 新国民旗舰,1583452697,,https://weibo.com/1583452697/IrW8LtcD9
10,人力资源研究:【上班后，工作区域如何做好疫情防控？】随着上班时间的逐渐临近，如何防控新型冠状病毒肺炎，上班路上怎么防控？工作区域如何防控？一图告诉您——,2020-02-09 01:05,01月30日 23:59,1914101557_IrW8Lterp,http://wx4.sinaimg.cn/wap180/7216df35ly1gbf14umy10j20dc2r3jyj.jpg,55,,,57,华为畅享10,1914101557,,https://weibo.com/1914101557/IrW8Lterp
0,kzImUrAnchor:冠状病毒就像一面照妖镜，让这人世间的丑态淋漓尽致地现形.,2020-02-09 01:05,01月30日 23:59,1801499062_IrW8LtKEr,,0,,,0,iPhone客户端,1801499062,,https://weibo.com/1801499062/IrW8LtKEr
0,微泉城:【#WHO将再讨论疫情是否构成国际突发卫生事件#：明日召开紧急会议】1月29日，世界卫生组织就中国新型冠状病毒肺炎疫情召开记者会，世界卫生组织紧急项目执行主任MichaelRyan宣布，将于30日召开会议，决定新型冠状病毒肺炎是否构成国际公共卫生紧急事件。时差视频的微博视频,2020-02-09 01:05,01月30日 23:59,2621445855_IrW8KynSg,,2,,,0,充话费送的Android,2621445855,,https://weibo.com/2621445855/IrW8KynSg
6,风化的咸鱼:冠状病毒下的2020商人在卖口罩发财科研专家在搞数据发文章市民在发朋友圈想喝奶茶人类真的很奇怪,2020-02-09 01:05,01月30日 23:59,1792443937_IrW8K0uAn,,2,,,0,iPhone 11 Pro Max,1792443937,,https://weibo.com/1792443937/IrW8K0uAn
0,东屋的虎_高飞:试看那～冠状病毒咋感染？！哎🐎，太上头了！东屋的虎_高飞的微博视频,2020-02-09 01:05,01月30日 23:59,2310281960_IrW8JoLVi,,1,,,1,iPad客户端,2310281960,,https://weibo.com/2310281960/IrW8JoLVi
0,冉兔子echo:#双黄连可抑制新型冠状病毒#理性购物，把药物留给真正有需要的人,2020-02-09 01:05,01月31日 23:59,2505388443_Is5zwxzG0,http://wx1.sinaimg.cn/wap180/9555319bly1gbg6s33yymj20jg12igoc.jpg,0,,,0,iPhone客户端,2505388443,,https://weibo.com/2505388443/Is5zwxzG0
0,HACHIYM转发了宠物帮萌星球的微博:由于某媒体篡改院士采访原话，改成“猫狗会感染疫情”，造成居民恐慌，今天凌晨天津和苑·国和园小区已有饲主为了避免被感染，将自家狗摔到楼下惨死警方已介入调查。图6-7是今天上海嘉定区上海汽车城附近摔死的五只猫咪。【后续】目前该媒体已将原帖子中的标题修改，但视频中的字幕依然没改。【后续2】该媒体下午已将错误视频删除，同时关闭了评论！【后续3】20：00左右该媒体已将错误帖子彻底删除[加油][组图共9张],2020-02-09 01:05,01月30日 23:59,2242384564_IrW8J8Jbp,http://wx1.sinaimg.cn/wap180/005AgWM7ly1gbeiou5i2kj30ku0uxwjc.jpg,0,,https://weibo.cn/comment/IrRWUjIUK?rl=1#cmtfrm,0,iPhone客户端,2242384564,,https://weibo.com/2242384564/IrW8J8Jbp
3,用门牙削土豆:#双黄连可抑制新型冠状病毒#兄弟姐妹们！！是抑制不是预防，，作为一个药店的员工大半夜的接到十几个饿了么预约单都是双黄连我害怕极了,2020-02-09 01:05,01月31日 23:59,5180778461_Is5zwxwTc,,2,,,0,OPPO超视野全面屏R15,5180778461,,https://weibo.com/5180778461/Is5zwxwTc
0,全微博减肥最勤快的仙女儿:#双黄连可抑制新型冠状病毒#“目前，双黄连口服液已在上海公共卫生临床中心、华中科技大学附属同济医院开展临床研究。”,2020-02-09 01:05,01月31日 23:59,5171350813_Is5zwfU2Y,http://wx3.sinaimg.cn/wap180/005DYsA5ly1gbg6s2rsvjj30dw0a23z0.jpg,0,,,0,荣耀V10 我AI的快,5171350813,,https://weibo.com/5171350813/Is5zwfU2Y
0,不明则评的医生:某疾控中心主任忙着在《新英格兰杂志》上发表论文，认为此次“冠状病毒肺炎”去年12月份就存在人传人的情况......我“愤怒”的是：此次疫情的发生与蔓延与各级疾控中心没有一点责任？难道各级疾控中心平时是“形同虚设”？？只关注后期医疗、不关注预防难道不是“老生常谈”？疾控中心就是监控各种疾病尤其是传染病防治的专门机构，相当于国家安全生产的“安监委”！对于这种不作为的部门，平时高高在上，它的存在着有多大价值呢？,2020-02-09 01:05,01月30日 23:59,6711760494_IrW8IbTn4,,1,,,0,iPhone客户端,6711760494,,https://weibo.com/6711760494/IrW8IbTn4
2,好好走路Walking:好想小陈呀这该死的冠状病毒,2020-02-09 01:05,01月31日 23:59,6505878800_Is5zwfUWw,http://wx4.sinaimg.cn/wap180/0076i0h2ly1gbg6s4fjtcj303002qt8i.jpg,0,,,0,Android,6505878800,,https://weibo.com/6505878800/Is5zwfUWw
0,奶酥芋泥79424转发了秦俊杰的微博:#抗击新型肺炎我们在行动##全民口罩行动#正确戴口罩，保护自己，也是保护别人，一起加油！我们一定能战胜疫情！绿洲[组图共4张],2020-02-09 01:06,01月30日 23:59,7353295913_IrW8Hiy5Y,http://wx1.sinaimg.cn/wap180/6ce96422ly1gbb2u3bmf4j20go0t6ac8.jpg,0,,https://weibo.cn/comment/IrpHM5HvQ?rl=1#cmtfrm,0,小米8周年旗舰手机,7353295913,,https://weibo.com/7353295913/IrW8Hiy5Y
0,爱吃鱼的燕小仔:春节，肉吃多了。导致嘴唇上火，以前总是吃双黄连颗粒降火，这次去药店发现卖完了，只能退而求其次，买了口服液，每天6瓶喝的只剩下2瓶了，今儿热搜发现，这玩意竟然能抑制新型病毒？what?!!哭笑不得，那我能拿什么降火烦躁#双黄连可抑制新型冠状病毒#,2020-02-09 01:06,01月31日 23:59,2128700805_Is5zwfVdL,,0,,,0,HUAWEI P30 Pro,2128700805,,https://weibo.com/2128700805/Is5zwfVdL
1,FFFEily:#双黄连可抑制新型冠状病毒#哪个敢卖假药天打雷劈永世不超生,2020-02-09 01:06,01月31日 23:59,5141862954_Is5zwhHp7,,0,,,0,,5141862954,,https://weibo.com/5141862954/Is5zwhHp7
0,今天话说的有点多啊转发了头条新闻的微博:【专家：新冠病毒感染的肺炎#治愈患者有再感染风险#】国家卫健委新闻发布会上临床督导专家指出，新型冠状病毒感染的肺炎治愈患者有再感染风险，治愈后应加强防护。（央视）#新冠肺炎治愈患者有再感染风险#专家:新冠病毒感染的肺炎治愈患者有再感染风险我们视频拍者的秒拍视频,2020-02-09 01:06,01月31日 23:59,1664924214_Is5zwhK1w,,0,,https://weibo.cn/comment/Is2hzwFUS?rl=1#cmtfrm,0,Weibo.intl,1664924214,,https://weibo.com/1664924214/Is5zwhK1w
0,"洋花小蘑菇转发了新华视点的微博:#新型冠状病毒感染肺炎#【上海药物所、武汉病毒所联合发现中成药双黄连口服液可抑制新型冠状病毒】记者31日从中国科学院上海药物所获悉，该所和武汉病毒所联合研究初步发现，中成药双黄连口服液可抑制新型冠状病毒。此前，上海药物所启动由蒋华良院士牵头的抗新型冠状病毒感染肺炎药物研究应急攻关团队，在前期SARS相关研究和药物发现成果基础上，聚焦针对该病毒的治疗候选新药筛选、评价和老药新用研究。双黄连口服液由金银花、黄芩、连翘三味中药组成。中医认为，这三味中药具有清热解毒、表里双清的作用。现代医学研究认为，双黄连口服液具有广谱抗病毒、抑菌、提高机体免疫功能的作用，是目前有效的广谱抗病毒药物之一。上海药物所长期从事抗病毒药物研究，2003年“非典”期间，上海药物所左建平团队率先证实双黄连口服液具有抗SARS冠状病毒作用,十余年来又陆续证实双黄连口服液对流感病毒（H7N9、H1N1、H5N1）、严重急性呼吸综合征冠状病毒、中东呼吸综合征冠状病毒具有明显的抗病毒效应。目前，双黄连口服液已在上海公共卫生临床中心、华中科技大学附属同济医院开展临床研究。（记者董瑞丰）（完）",2020-02-09 01:06,01月31日 23:59,1627782621_Is5zwi17a,http://wx2.sinaimg.cn/wap180/654b47daly1gbg4nc1injj20fm0fmx6p.jpg,0,,https://weibo.cn/comment/Is55AfFA8?rl=1#cmtfrm,0,iPhone客户端,1627782621,,https://weibo.com/1627782621/Is5zwi17a
0,佛系美少女诗诗:#双黄连可抑制新型冠状病毒#还是老实在家待着好明早可不要去排队抢这个哦近期都是爆发高峰期待在家里等过了这段时间一切都会越来越好的[加油][加油],2020-02-09 01:06,01月31日 23:59,2714812645_Is5zwi18z,http://wx2.sinaimg.cn/wap180/a1d0c0e5gy1gbg6s40u2zj20m80ejgpc.jpg,0,,,0,iPhone 6s,2714812645,,https://weibo.com/2714812645/Is5zwi18z
,,2020-02-09 01:06,,6163573140,,,,,,,,,
,,2020-02-09 01:06,,1583452697,,,,,,,,,
,,2020-02-09 01:06,,1914101557,,,,,,,,,
,,2020-02-09 01:06,,1801499062,,,,,,,,,
0,金金_Frank:我围观了@白衣山猫的回答，该问题价值138.00元，围观仅1元，快来一起围观~<br/>微博问答:山猫老师，新型冠状病毒的特效药和疫苗研制需要的时间很长吗？能从痊愈的病人身上提取抗体来治疗他人吗？,2020-02-09 01:06,01月30日 23:59,6831041906_IrW8Gpaso,,4,,,0,微博问答,6831041906,,https://weibo.com/6831041906/IrW8Gpaso
21,霍小兵:柳叶刀在线发表一项研究显示，首例新型冠状病毒肺炎确诊患者于去年12月1日发病，且无华南海鲜市场暴露史。本研究通讯作者为中日友好医院呼吸与危重症医学科主任曹彬，共同作者包括武汉金银潭医院副院长、主任医师黄朝林，北京地坛医院传染病临床研究中心李兴旺，中国医学科学院病原生物学研究所任丽丽教授，武汉同济医院呼吸科主任赵建平等。研究分析了2019年12月16日至2020年1月2日期间在武汉市入院的首批41例确诊感染新型冠状病毒的病例。结果显示首批41例确诊病例中，27例去过华南海鲜市场，14例没有华南海鲜市场暴露史。最初发病的4例确诊患者中，有3例无华南海鲜市场暴露史。其中，首例确诊患者的发病日期为2019年12月1日，他的家人均未出现发烧或任何呼吸道症状。该患者无华南海鲜市场暴露史，和之后的病例之间也没有发现流行病学联系。武汉卫健委1月5日发布的第三份官方通报中，提及患者最早发病时间为2019年12月12日。1月11日官方通报中将最早发病日期更新为2019年12月8日。,2020-02-09 01:06,01月30日 23:59,1403936721_IrW8G92tc,http://wx2.sinaimg.cn/wap180/53ae5fd1ly1gbf14wxq7bj20fv0anweo.jpg,95,,,116,要言霍众超话,1403936721,,https://weibo.com/1403936721/IrW8G92tc
0,若决积水如转圆石转发了人民日报的微博:【#印度出现首例确诊病例#：系一名在武汉读书的印度学生】环球网消息，据印度快报，印度出现首例新冠病毒感染肺炎确诊病例。印度快报称，该病例是一名在武汉读书的喀拉拉邦学生。[组图共2张],2020-02-09 01:06,01月30日 23:59,5871093138_IrW8G91hH,http://wx3.sinaimg.cn/wap180/a716fd45ly1gbep4f75pwj20go0go78y.jpg,7,,https://weibo.cn/comment/IrTqFrIBt?rl=1#cmtfrm,1,荣耀9 美得有声有色,5871093138,,https://weibo.com/5871093138/IrW8G91hH
0,等梦醒--转发了李永乐老师的微博:【“冠状病毒”是什么？武汉新型肺炎病毒是如何使人生病的？】20世纪初，人们发现了一种比细菌还要小的病原体：病毒。病毒由蛋白质外壳和遗传物质组成，必须寄生在细胞里才能表现出生命特征。病毒可以一次次欺骗细胞，最终将自己的遗传物质送到寄主细胞核里。病毒可以在细胞中潜伏很久，在某个时刻突然爆发，寄主就会死亡。人们已经发现了七种冠状病毒，其中有三种可以引起严重疾病，即SARS、MERS和新型冠状病毒，它们都会引起免疫系统的强烈反应，产生细胞因子风暴，大量的白细胞和组织液充斥肺部，造成呼吸困难和死亡。免疫反应既不能太弱，也不能太强，平衡的免疫力才是最好的免疫力。面对病毒，人们的反应与免疫系统一样，毫不在意或者过分恐慌都是不对的，平静的等一段时间，疫情一定会被消灭。#新型冠状病毒##武汉加油##抗击新型肺炎第一线##科普老师李永乐##教育在行动##延假期不停学#http://t.cn/A6PiaqjO,2020-02-09 01:06,01月30日 23:59,2422738385_IrW8FyzoU,,0,,https://weibo.cn/comment/IrHSyBPRD?rl=1#cmtfrm,0,nova 5z,2422738385,,https://weibo.com/2422738385/IrW8FyzoU
0,心在心上L转发了央美-师锋的微博:#抗击新型肺炎第一线#友情提示：北京市地坛医院，北京第一传染病的专家，她建议大家进出小区一楼大门和使用电梯的按键时，最好带手套或纸巾隔着去按，这里是最大的传染源！非典时期，香港淘大花园正是那个位置传染了整栋楼一百多人。#全国确诊新型肺炎病例#央美-师锋的微博视频,2020-02-09 01:07,01月30日 23:59,3290782833_IrW8EnvIf,,0,,https://weibo.cn/comment/IrVyKFHxb?rl=1#cmtfrm,0,Weibo.intl,3290782833,,https://weibo.com/3290782833/IrW8EnvIf
,,2020-02-09 01:07,,2621445855,,,,,,,,,
2,我也是独立的主儿:有多少夫妻因为长辈吵架现在新型冠状病毒传染越来越厉害了，给长辈普及知识说出厉害，劝他们少去人多的地方，得到的答复是呆家里没意思，我们没打牌，就聊天。怎么沟通我也想明白了，你们爱怎样就怎样，我只要对我自己的女儿负责就好，你们的死活关我什么事，自己不要命让人拦也拦不住。,2020-02-09 01:07,01月30日 23:59,1977896141_IrW8E34gQ,,0,,,0,OPPO智能手机,1977896141,,https://weibo.com/1977896141/IrW8E34gQ
,,2020-02-09 01:07,,1792443937,,,,,,,,,
0,莫永信转发了姆们说的微博:世界卫生组织WHO官方回复：【目前没有证据表明狗猫能传染冠状病毒】希望大家不要恐慌，不要因为谣言而让小动物们遭到遗弃！管理好自家的宠物，不要散养，文明养护！#宠物接触到疫情也需隔离#媛小媛嘛的微博视频,2020-02-09 01:07,01月30日 23:58,2759490131_IrW8DuI2A,,0,,https://weibo.cn/comment/IrVtn5Co7?rl=1#cmtfrm,0,OPPO随光而变R17,2759490131,,https://weibo.com/2759490131/IrW8DuI2A
0,善良并不代表我懦弱转发了姆们说的微博:世界卫生组织WHO官方回复：【目前没有证据表明狗猫能传染冠状病毒】希望大家不要恐慌，不要因为谣言而让小动物们遭到遗弃！管理好自家的宠物，不要散养，文明养护！#宠物接触到疫情也需隔离#媛小媛嘛的微博视频,2020-02-09 01:07,01月30日 23:58,2827099894_IrW8DstMZ,,0,,https://weibo.cn/comment/IrVtn5Co7?rl=1#cmtfrm,0,iPhone客户端,2827099894,,https://weibo.com/2827099894/IrW8DstMZ
,,2020-02-09 01:07,,2310281960,,,,,,,,,
,,2020-02-09 01:07,,5171350813,,,,,,,,,
,,2020-02-09 01:07,,2505388443,,,,,,,,,
,,2020-02-09 01:07,,2242384564,,,,,,,,,
,,2020-02-09 01:07,,5180778461,,,,,,,,,
,,2020-02-09 01:07,,6711760494,,,,,,,,,
,,2020-02-09 01:07,,6505878800,,,,,,,,,
0,"LLLLLJing-:#双黄连可抑制新型冠状病毒#突然想起了双黄连的广告：您勤洗手,您多通风,人多不去凑热闹,多喝水,睡眠足,瓜果菠菜牛奶好...常备三精双黄连,流感季节别感冒！！！感觉就差一副#快板#",2020-02-09 01:07,01月31日 23:59,3366115584_Is5zwi22i,,5,,,0,七七的iPhone 7 Plus,3366115584,,https://weibo.com/3366115584/Is5zwi22i
4,很酷的大盼盼呀:#双黄连可抑制新型冠状病毒##火神山2月3日可收治病人#感觉一切都在往好的方向发展感冒了好久老爸担心半夜又熬起了姜丝可乐希望疫情赶紧好转起来吧🍀🍀🍀🍀🍀🍀,2020-02-09 01:07,01月31日 23:59,5307993437_Is5zwi42k,http://wx1.sinaimg.cn/wap180/005NdNznly1gbg6rh3w6hj31o0280hdt.jpg,5,,,0,iPhone客户端,5307993437,,https://weibo.com/5307993437/Is5zwi42k
0,雨哥咯咯咯转发了医学知识总览的微博:#新型肺炎##中疾控回应何时发现病毒人传人#生物老师在线科普冠状病毒，通俗易懂，你值得了解一下医学知识总览的微博视频,2020-02-09 01:07,01月31日 23:59,5746834942_Is5zwi4tf,,0,,https://weibo.cn/comment/Is4XylMFm?rl=1#cmtfrm,0,三星android智能手机,5746834942,,https://weibo.com/5746834942/Is5zwi4tf
0,艾颖坤:新型冠状病毒肺炎不像想象的那么严重。我们衡量这种疾病的一个重要指标就是病死率。http://t.cn/A6PCPvu5,2020-02-09 01:07,01月31日 23:59,3502899131_Is5zw0lA2,,0,,,0,科普中国,3502899131,,https://weibo.com/3502899131/Is5zw0lA2
0,mimi阳阳:#双黄连可抑制新型冠状病毒#我要明天药店开门去买一波希望还有,2020-02-09 01:07,01月31日 23:59,6157290498_Is5zvmuSo,,0,,,0,OPPO智能手机,6157290498,,https://weibo.com/6157290498/Is5zvmuSo
0,卧槽为啥折磨奇葩的名也会被占:#双黄连可抑制新型冠状病毒#双黄连口服液瞬间秒没了,2020-02-09 01:07,01月31日 23:59,5227406670_Is5zvmvER,,1,,,0,iPhone客户端,5227406670,,https://weibo.com/5227406670/Is5zvmvER
,,2020-02-09 01:07,,5141862954,,,,,,,,,
2,蒸小花甜:#双黄连可抑制新型冠状病毒#作为一名学中药的在这个时候只想为中医中药默默的发一点声我见过许多“中医黑”“反中医”西医与中医的碰撞希望大家不要妖魔化中医这次也不要神化中医一切都以科学的研究和数据为佐证甚至学中医中药的要比西医西药付出更多的时间与努力还有古话说得好是药三分毒服药还是要谨遵医嘱,2020-02-09 01:07,01月31日 23:59,2827319450_Is5zvmwTa,,28,,,0,Weibo.intl,2827319450,,https://weibo.com/2827319450/Is5zvmwTa
0,陈塘关第一帅李靖:#双黄连可抑制新型冠状病毒#关于双黄连可以抑制病毒1.没被感染你吃了也没有用2.一旦被感染，还没等你吃，就被带走了3.所以你们急着囤货干什么呢？,2020-02-09 01:07,01月31日 23:59,3622297017_Is5zvmxbT,,1,,,0,李某人的iPhone 11 Pro Max(金色),3622297017,,https://weibo.com/3622297017/Is5zvmxbT
0,金德猪:#双黄连可抑制新型冠状病毒#秒断货,2020-02-09 01:07,01月31日 23:59,5326230796_Is5zvmxs7,,1,,,0,iPhone客户端,5326230796,,https://weibo.com/5326230796/Is5zvmxs7
0,山有木兮Today:#双黄连可抑制新型冠状病毒#完了，断货预警。明天一大早起来去药店看看！,2020-02-09 01:07,01月31日 23:59,6382170988_Is5zvojgs,,0,,,0,vivo智能手机,6382170988,,https://weibo.com/6382170988/Is5zvojgs
,,2020-02-09 01:07,,2128700805,,,,,,,,,
,,2020-02-09 01:07,,7353295913,,,,,,,,,
,,2020-02-09 01:07,,2714812645,,,,,,,,,
,,2020-02-09 01:08,,1627782621,,,,,,,,,
,,2020-02-09 01:08,,1664924214,,,,,,,,,
0,qzuser049372001转发了李永乐老师的微博:【“冠状病毒”是什么？武汉新型肺炎病毒是如何使人生病的？】20世纪初，人们发现了一种比细菌还要小的病原体：病毒。病毒由蛋白质外壳和遗传物质组成，必须寄生在细胞里才能表现出生命特征。病毒可以一次次欺骗细胞，最终将自己的遗传物质送到寄主细胞核里。病毒可以在细胞中潜伏很久，在某个时刻突然爆发，寄主就会死亡。人们已经发现了七种冠状病毒，其中有三种可以引起严重疾病，即SARS、MERS和新型冠状病毒，它们都会引起免疫系统的强烈反应，产生细胞因子风暴，大量的白细胞和组织液充斥肺部，造成呼吸困难和死亡。免疫反应既不能太弱，也不能太强，平衡的免疫力才是最好的免疫力。面对病毒，人们的反应与免疫系统一样，毫不在意或者过分恐慌都是不对的，平静的等一段时间，疫情一定会被消灭。#新型冠状病毒##武汉加油##抗击新型肺炎第一线##科普老师李永乐##教育在行动##延假期不停学#http://t.cn/A6PiaqjO,2020-02-09 01:08,01月30日 23:58,6404505325_IrW8Cz5rB,,0,,https://weibo.cn/comment/IrHSyBPRD?rl=1#cmtfrm,0,HUAWEI Mate 30,6404505325,,https://weibo.com/6404505325/IrW8Cz5rB
0,专注于搬砖的猪转发了百姓话题的微博:还坚持不戴口罩的可以让他看看这个视频！！#重庆首例确诊病例治愈出院##西藏新增1例疑似病例##湖北新增840例新型肺炎#百姓话题的微博视频,2020-02-09 01:08,01月30日 23:58,2251900145_IrW8CkHNn,,0,,https://weibo.cn/comment/Irc5Jjrpu?rl=1#cmtfrm,0,魅族 PRO 6 Plus,2251900145,,https://weibo.com/2251900145/IrW8CkHNn
0,冬天还没来转发了厦门医学院临床系团总支的微博:随着防控形势严峻升级，我校附属二院目前各类防护物资严重匮乏。为确保疫情防控救治工作的有序推进，请社会各界关注#厦门医学院[超话]#厦门医学院附属第二医院急需以下物资📢,2020-02-09 01:08,01月30日 23:58,3721704164_IrW8Chp75,http://wx4.sinaimg.cn/wap180/007bk0bvly1gberudptymj30m81jk486.jpg,1,,https://weibo.cn/comment/IrU2QlpCJ?rl=1#cmtfrm,0,nova4自拍极点全面屏,3721704164,,https://weibo.com/3721704164/IrW8Chp75
5,西狩堂主人奇光:雖然這樣說不恰當，但新型冠狀病毒事件發展至今，無論是事件發展還是社會現象，奇詭怪誕之處，足以湊一齣新編戲了。,2020-02-09 01:08,01月30日 23:58,3702733794_IrW8zEArx,,6,,,0,Android客户端,3702733794,,https://weibo.com/3702733794/IrW8zEArx
0,梨木Limu-:庚子年正月初六，武汉肺炎第n天，休假呆在家第n天[微風]，2020真的不一样的开年，没有以往的气氛，充斥着新冠状病毒气氛，低气压随处飘～3月就要好啦，答应我！！2020冲啊！！[太陽],2020-02-09 01:08,01月30日 23:58,1773412883_IrW8zmUD6,,0,,,0,iPhone客户端,1773412883,,https://weibo.com/1773412883/IrW8zmUD6
1,我叫刘十三_:冠状病毒肺感染，影像上面找特点：早期多发斑片状，病灶大多都靠边。多灶融合呈大片，磨玻璃样模糊边，间质增厚网纹状，胸腔积液不多见。或可发展呈实变，双肺多发现大片，变化较快含气少，可见透亮支气管。流行病史涉武汉，发热乏力干咳现，血相偏低淋巴少，综合分析少误判！http://t.cn/A6Poqa0G,2020-02-09 01:08,01月30日 23:58,2419458757_IrW8zmTqa,,0,,,0,iPhone客户端,2419458757,,https://weibo.com/2419458757/IrW8zmTqa
0,奶酥芋泥79424转发了秦俊杰的微博:#抗击新型肺炎我们在行动##全民口罩行动#正确戴口罩，保护自己，也是保护别人，一起加油！我们一定能战胜疫情！绿洲[组图共4张],2020-02-09 01:08,01月30日 23:58,7353295913_IrW8z3vLb,http://wx1.sinaimg.cn/wap180/6ce96422ly1gbb2u3bmf4j20go0t6ac8.jpg,0,,https://weibo.cn/comment/IrpHM5HvQ?rl=1#cmtfrm,0,小米8周年旗舰手机,7353295913,,https://weibo.com/7353295913/IrW8z3vLb
0,钟介福八珍糕大掌柜:#健康养生[超话]#艾灸被写入新型冠状病毒防护看看灸哪里☞神阙关元气海中脘足三里可见脾胃的重要性，脾胃好，免疫力好重庆显示地图,2020-02-09 01:08,01月30日 23:58,5155408422_IrW8yrPxG,http://wx1.sinaimg.cn/wap180/005CTzeKly1gbf14kpx02j30u0165juk.jpg,0,#健康养生[超话]#,,0,健康养生超话,5155408422,,https://weibo.com/5155408422/IrW8yrPxG
0,白冰子祝李冰冰227生日快乐转发了杭州电视台综合频道的微博:#李兰娟院士再谈新型冠状病毒#【目前病源判定来自野生动物，但尚未找到具体源头】家养的宠物不会携带新型冠状病毒，目前病源判定来自野生动物，但尚未找到具体源头。除武汉以外的其他地区都是输入性病例，所以目前来看这里的动物还不存在传染源。杭州电视台综合频道的微博视频,2020-02-09 01:08,01月30日 23:58,1194900234_IrW8ya83j,,0,,https://weibo.cn/comment/IqQVit02R?rl=1#cmtfrm,0,vivo智能手机,1194900234,,https://weibo.com/1194900234/IrW8ya83j
,,2020-02-09 01:08,,1977896141,,,,,,,,,
,,2020-02-09 01:08,,2827099894,,,,,,,,,
,,2020-02-09 01:08,,2759490131,,,,,,,,,
,,2020-02-09 01:08,,2422738385,,,,,,,,,
,,2020-02-09 01:08,,3290782833,,,,,,,,,
,,2020-02-09 01:08,,6831041906,,,,,,,,,
,,2020-02-09 01:09,,5227406670,,,,,,,,,
,,2020-02-09 01:09,,3502899131,,,,,,,,,
,,2020-02-09 01:09,,3366115584,,,,,,,,,
,,2020-02-09 01:09,,6157290498,,,,,,,,,
,,2020-02-09 01:09,,3622297017,,,,,,,,,
,,2020-02-09 01:09,,2827319450,,,,,,,,,
,,2020-02-09 01:09,,6382170988,,,,,,,,,
,,2020-02-09 01:09,,5326230796,,,,,,,,,
,,2020-02-09 01:09,,5746834942,,,,,,,,,
,,2020-02-09 01:09,,5307993437,,,,,,,,,
,,2020-02-09 01:09,,5155408422,,,,,,,,,
,,2020-02-09 01:09,,1194900234,,,,,,,,,
,,2020-02-09 01:09,,1773412883,,,,,,,,,
,,2020-02-09 01:09,,2419458757,,,,,,,,,
,,2020-02-09 01:09,,3721704164,,,,,,,,,
,,2020-02-09 01:09,,3702733794,,,,,,,,,
,,2020-02-09 01:09,,6404505325,,,,,,,,,
,,2020-02-09 01:09,,2251900145,,,,,,,,,
,,2020-02-09 01:09,,5871093138,,,,,,,,,
,,2020-02-09 01:09,,1403936721,,,,,,,,,
0,id_skyline转发了投行泰山的微博:转一张EXCEL时间表,2020-02-09 01:09,01月30日 23:58,1883624173_IrW8xwQOG,http://wx3.sinaimg.cn/wap180/6e876a26gy1gbf030uikij20u01hcn1s.jpg,0,,https://weibo.cn/comment/IrVTVzU80?rl=1#cmtfrm,0,Weibo.intl,1883624173,,https://weibo.com/1883624173/IrW8xwQOG
0,旅途半日车中过转发了宠物帮萌星球的微博:由于某媒体篡改院士采访原话，改成“猫狗会感染疫情”，造成居民恐慌，今天凌晨天津和苑·国和园小区已有饲主为了避免被感染，将自家狗摔到楼下惨死警方已介入调查。图6-7是今天上海嘉定区上海汽车城附近摔死的五只猫咪。【后续】目前该媒体已将原帖子中的标题修改，但视频中的字幕依然没改。【后续2】该媒体下午已将错误视频删除，同时关闭了评论！【后续3】20：00左右该媒体已将错误帖子彻底删除[加油][组图共9张],2020-02-09 01:09,01月30日 23:58,1883296244_IrW8woq3g,http://wx1.sinaimg.cn/wap180/005AgWM7ly1gbeiou5i2kj30ku0uxwjc.jpg,0,,https://weibo.cn/comment/IrRWUjIUK?rl=1#cmtfrm,0,HUAWEI P20,1883296244,,https://weibo.com/1883296244/IrW8woq3g
0,D-keer转发了宠物帮萌星球的微博:由于某媒体篡改院士采访原话，改成“猫狗会感染疫情”，造成居民恐慌，今天凌晨天津和苑·国和园小区已有饲主为了避免被感染，将自家狗摔到楼下惨死警方已介入调查。图6-7是今天上海嘉定区上海汽车城附近摔死的五只猫咪。【后续】目前该媒体已将原帖子中的标题修改，但视频中的字幕依然没改。【后续2】该媒体下午已将错误视频删除，同时关闭了评论！【后续3】20：00左右该媒体已将错误帖子彻底删除[加油][组图共9张],2020-02-09 01:09,01月30日 23:58,1906819520_IrW8wqdhr,http://wx1.sinaimg.cn/wap180/005AgWM7ly1gbeiou5i2kj30ku0uxwjc.jpg,0,,https://weibo.cn/comment/IrRWUjIUK?rl=1#cmtfrm,0,荣耀20 PRO,1906819520,,https://weibo.com/1906819520/IrW8wqdhr
0,湖湘财经:#同江同湖同舟共济#【呼吁人人隔离！杭州副市长点名特例：#一企业30人开会11人传染#，今后3天至关重要】1月30日，浙江新型冠状病毒肺炎疫情防控工作第四次新闻发布会举行，全市截止29日共确诊69例。其中有一天数据较高，副市长称一家企业开会，30个人里面有11个人感染上，呼吁人人隔离，再坚持隔离7天。（via：一手video）大家什么时候返工呢？http://t.cn/A6PoPO1T,2020-02-09 01:09,01月30日 23:58,2382726881_IrW8vwMTB,,0,,,0,iPhone客户端,2382726881,,https://weibo.com/2382726881/IrW8vwMTB
0,上善若水7383033224:非典有炖醋的方法，冠状病毒可以用酒精杀毒，那炖酒可不可让酒精散到空气中进入呼吸道杀毒呢？,2020-02-09 01:09,01月30日 23:58,7383033224_IrW8vv2YI,,0,,,0,vivo X27,7383033224,,https://weibo.com/7383033224/IrW8vv2YI
0,WISH不再为你等待转发了李永乐老师的微博:【“冠状病毒”是什么？武汉新型肺炎病毒是如何使人生病的？】20世纪初，人们发现了一种比细菌还要小的病原体：病毒。病毒由蛋白质外壳和遗传物质组成，必须寄生在细胞里才能表现出生命特征。病毒可以一次次欺骗细胞，最终将自己的遗传物质送到寄主细胞核里。病毒可以在细胞中潜伏很久，在某个时刻突然爆发，寄主就会死亡。人们已经发现了七种冠状病毒，其中有三种可以引起严重疾病，即SARS、MERS和新型冠状病毒，它们都会引起免疫系统的强烈反应，产生细胞因子风暴，大量的白细胞和组织液充斥肺部，造成呼吸困难和死亡。免疫反应既不能太弱，也不能太强，平衡的免疫力才是最好的免疫力。面对病毒，人们的反应与免疫系统一样，毫不在意或者过分恐慌都是不对的，平静的等一段时间，疫情一定会被消灭。#新型冠状病毒##武汉加油##抗击新型肺炎第一线##科普老师李永乐##教育在行动##延假期不停学#http://t.cn/A6PiaqjO,2020-02-09 01:09,01月30日 23:58,1903364111_IrW8vu1ue,,0,,https://weibo.cn/comment/IrHSyBPRD?rl=1#cmtfrm,0,三星Galaxy S10,1903364111,,https://weibo.com/1903364111/IrW8vu1ue
0,安徽商贸学院警务室:【#近期有关国家入境管制措施实时更新#】近日，一些国家相继采取入境管制措施，以防控新型冠状病毒肺炎疫情。即日起，国家移民管理局将梳理提供相关情况并实时更新，供有出国计划的中国公民参考。,2020-02-09 01:09,01月30日 23:58,3243757400_IrW8vu0xn,http://wx1.sinaimg.cn/wap180/c157cf58ly1gbf14hkiqsj20rs1n4thl.jpg,0,,,0,华为P9手机摄影再突破,3243757400,,https://weibo.com/3243757400/IrW8vu0xn
1,揭秘那些破事儿:善意提醒啊别买错了别买成🐶吃的了到时候吃完才发现就尴尬了😂😂😂#双黄连可抑制新型冠状病毒#,2020-02-09 01:09,01月31日 23:59,5769389148_Is5zvojnj,http://wx3.sinaimg.cn/wap180/006irLFGgy1gbg6s2tv5qj30u01sydp0.jpg,18,,,0,Weibo.intl,5769389148,,https://weibo.com/5769389148/Is5zvojnj
0,锦鲤附体ing转发了菜菜_AM的微博:最新论文：新冠肺炎的传播#菜搬运#《新英格兰医学杂志》1月29日发表的最新一篇与新冠有关的论文，分析了武汉市最早确诊新冠肺炎的425名患者，以总结新冠肺炎的流行病学特征（图1/2，http://t.cn/A6PXDBAH免费阅读）。这425名患者，年龄在15-89岁之间，年龄中位数为59岁，其中240人（56％）为男性，具体情况见图3，使用的数据截至1月22日。图4则是这425名患者的发病时间（以及一些描述），可见在早期的患者中，大多数患者（55%）与华南海鲜市场有关（在图中由深色表示），后期则仅有少数患者（8.6%）与华南海鲜市场有关（途中浅色区块）。通过对十个确诊病例的分析，估计潜伏期中位数为5.2天，95%的病例潜伏期都在12.5天内。又通过对五组人际传播病例的分析（图5），估计人际传播serialinterval（也就是第一人传至第二人的时间）中位数为7.5±3.4天。估计R0为2.2，也就是一名患者可以传染2.2名患者（图6）。[组图共6张],2020-02-09 01:09,01月30日 23:58,2446758844_IrW8uBGf2,http://wx2.sinaimg.cn/wap180/7045e0b9gy1gbebn76ir2j20ry0mlte6.jpg,0,,https://weibo.cn/comment/IrQwJ8oUD?rl=1#cmtfrm,0,vivo Z5全面实力派,2446758844,,https://weibo.com/2446758844/IrW8uBGf2
7,TFgirls王天霸:#双黄连可抑制新型冠状病毒#37分钟前发布，刚打开淘宝全都卖光了你敢信？,2020-02-09 01:09,01月31日 23:59,5609215399_Is5zvokea,,4,,,0,nova5Pro人像超级夜景,5609215399,,https://weibo.com/5609215399/Is5zvokea
0,艾艾哟哟转发了李永乐老师的微博:【“冠状病毒”是什么？武汉新型肺炎病毒是如何使人生病的？】20世纪初，人们发现了一种比细菌还要小的病原体：病毒。病毒由蛋白质外壳和遗传物质组成，必须寄生在细胞里才能表现出生命特征。病毒可以一次次欺骗细胞，最终将自己的遗传物质送到寄主细胞核里。病毒可以在细胞中潜伏很久，在某个时刻突然爆发，寄主就会死亡。人们已经发现了七种冠状病毒，其中有三种可以引起严重疾病，即SARS、MERS和新型冠状病毒，它们都会引起免疫系统的强烈反应，产生细胞因子风暴，大量的白细胞和组织液充斥肺部，造成呼吸困难和死亡。免疫反应既不能太弱，也不能太强，平衡的免疫力才是最好的免疫力。面对病毒，人们的反应与免疫系统一样，毫不在意或者过分恐慌都是不对的，平静的等一段时间，疫情一定会被消灭。#新型冠状病毒##武汉加油##抗击新型肺炎第一线##科普老师李永乐##教育在行动##延假期不停学#http://t.cn/A6PiaqjO,2020-02-09 01:09,01月30日 23:58,2438171322_IrW8u3qra,,0,,https://weibo.cn/comment/IrHSyBPRD?rl=1#cmtfrm,0,HUAWEI P30,2438171322,,https://weibo.com/2438171322/IrW8u3qra
