Date,Province,Region,Last Update,Confirmed,Deaths,Recovered
2/7/2020 20:13,Hubei,Mainland China,2/7/20 14:03,22112,618,867
2/7/2020 20:13,Guangdong,Mainland China,2/7/20 10:13,1034,1,88
2/7/2020 20:13,Zhejiang,Mainland China,2/7/20 11:33,1006,0,123
2/7/2020 20:13,Henan,Mainland China,2/7/20 14:03,914,3,86
2/7/2020 20:13,Hunan,Mainland China,2/7/20 11:33,772,0,112
2/7/2020 20:13,Anhui,Mainland China,2/7/20 5:13,665,0,47
2/7/2020 20:13,Jiangxi,Mainland China,2/7/20 1:23,661,0,45
2/7/2020 20:13,Chongqing,Mainland China,2/7/20 12:03,415,2,31
2/7/2020 20:13,Jiangsu,Mainland China,2/7/20 14:03,408,0,43
2/7/2020 20:13,Shandong,Mainland China,2/7/20 11:33,386,0,37
2/7/2020 20:13,Sichuan,Mainland China,2/7/20 8:23,344,1,42
2/7/2020 20:13,Beijing,Mainland China,2/7/20 3:23,297,1,33
2/7/2020 20:13,Heilongjiang,Mainland China,2/7/20 7:43,277,3,12
2/7/2020 20:13,Shanghai,Mainland China,2/7/20 6:14,277,1,30
2/7/2020 20:13,Fujian,Mainland China,2/7/20 13:23,224,0,20
2/7/2020 20:13,Shaanxi,Mainland China,2/7/20 8:23,184,0,17
2/7/2020 20:13,Guangxi,Mainland China,2/7/20 0:33,172,0,17
2/7/2020 20:13,Hebei,Mainland China,2/7/20 12:03,172,1,22
2/7/2020 20:13,Yunnan,Mainland China,2/7/20 23:23,138,0,12
2/7/2020 20:13,Hainan,Mainland China,2/7/20 12:33,117,2,10
2/7/2020 20:13,Liaoning,Mainland China,2/7/20 15:33,99,0,7
2/7/2020 20:13,Shanxi,Mainland China,2/7/20 12:33,96,0,15
2/7/2020 20:13,Guizhou,Mainland China,2/7/20 11:13,81,1,6
2/7/2020 20:13,Tianjin,Mainland China,2/7/20 5:43,81,1,2
2/7/2020 20:13,Gansu,Mainland China,2/7/20 2:33,67,0,9
2/7/2020 20:13,Jilin,Mainland China,2/7/20 0:43,65,1,4
2/7/2020 20:13,Cruise Ship,Others,2/7/20 16:33,61,0,0
2/7/2020 20:13,Inner Mongolia,Mainland China,2/7/20 11:13,50,0,5
2/7/2020 20:13,Ningxia,Mainland China,2/7/20 11:13,43,0,5
2/7/2020 20:13,Xinjiang,Mainland China,2/7/20 1:43,39,0,0
2/7/2020 20:13,,Singapore,2/7/20 3:03,30,0,0
2/7/2020 20:13,Hong Kong,Hong Kong,2/7/20 11:53,25,1,0
2/7/2020 20:13,,Japan,2/7/20 4:13,25,0,1
2/7/2020 20:13,,Thailand,2/4/20 15:33,25,0,5
2/7/2020 20:13,,South Korea,2/7/20 3:03,24,0,1
2/7/2020 20:13,Qinghai,Mainland China,2/6/20 2:13,18,0,3
2/7/2020 20:13,Taiwan,Taiwan,2/6/20 15:03,16,0,1
2/7/2020 20:13,,Germany,2/7/20 16:33,13,0,0
2/7/2020 20:13,,Malaysia,2/7/20 9:13,12,0,1
2/7/2020 20:13,Macau,Macau,2/6/20 14:23,10,0,1
2/7/2020 20:13,,Vietnam,2/6/20 1:13,10,0,1
2/7/2020 20:13,,France,2/1/20 1:52,6,0,0
2/7/2020 20:13,Queensland,Australia,2/7/20 1:03,5,0,0
2/7/2020 20:13,,United Arab Emirates,2/2/20 5:43,5,0,0
2/7/2020 20:13,New South Wales,Australia,2/6/20 3:13,4,0,2
2/7/2020 20:13,Victoria,Australia,2/1/20 18:12,4,0,0
2/7/2020 20:13,British Columbia,Canada,2/7/20 5:43,4,0,0
2/7/2020 20:13,,India,2/3/20 21:43,3,0,0
2/7/2020 20:13,,Italy,2/7/20 17:53,3,0,0
2/7/2020 20:13,,Philippines,2/7/20 16:43,3,1,0
2/7/2020 20:13,,UK,2/7/20 18:33,3,0,0
2/7/2020 20:13,South Australia,Australia,2/2/20 22:33,2,0,0
2/7/2020 20:13,"Toronto, ON",Canada,2/4/20 0:13,2,0,0
2/7/2020 20:13,,Russia,1/31/20 16:13,2,0,0
2/7/2020 20:13,"Chicago, IL",US,2/1/20 19:43,2,0,0
2/7/2020 20:13,"San Benito, CA",US,2/3/20 3:53,2,0,0
2/7/2020 20:13,"Santa Clara, CA",US,2/3/20 0:43,2,0,0
2/7/2020 20:13,,Belgium,2/4/20 15:43,1,0,0
2/7/2020 20:13,,Cambodia,1/31/20 8:15,1,0,0
2/7/2020 20:13,"London, ON",Canada,2/4/20 0:03,1,0,0
2/7/2020 20:13,,Finland,1/31/20 8:15,1,0,0
2/7/2020 20:13,Tibet,Mainland China,2/1/20 1:52,1,0,0
2/7/2020 20:13,,Nepal,1/31/20 8:15,1,0,0
2/7/2020 20:13,,Spain,2/1/20 23:43,1,0,0
2/7/2020 20:13,,Sri Lanka,1/31/20 8:15,1,0,0
2/7/2020 20:13,,Sweden,2/1/20 2:13,1,0,0
2/7/2020 20:13,"Boston, MA",US,2/1/20 19:43,1,0,0
2/7/2020 20:13,"Los Angeles, CA",US,2/1/20 19:53,1,0,0
2/7/2020 20:13,"Madison, WI",US,2/5/20 21:53,1,0,0
2/7/2020 20:13,"Orange, CA",US,2/1/20 19:53,1,0,0
2/7/2020 20:13,"Seattle, WA",US,2/1/20 19:43,1,0,0
2/7/2020 20:13,"Tempe, AZ",US,2/1/20 19:43,1,0,0
2/6/2020 13:18,Hubei,Mainland China,2/6/2020 12:33,19665,549,712
2/6/2020 13:18,Guangdong,Mainland China,2/6/2020 12:43,970,0,69
2/6/2020 13:18,Zhejiang,Mainland China,2/6/2020 10:53,954,0,94
2/6/2020 13:18,Henan,Mainland China,2/6/2020 11:23,851,2,56
2/6/2020 13:18,Hunan,Mainland China,2/6/2020 13:13,711,0,81
2/6/2020 13:18,Jiangxi,Mainland China,2/6/2020 2:33,600,0,37
2/6/2020 13:18,Anhui,Mainland China,2/6/2020 13:33,591,0,34
2/6/2020 13:18,Chongqing,Mainland China,2/6/2020 13:43,400,2,24
2/6/2020 13:18,Jiangsu,Mainland China,2/6/2020 8:03,373,0,34
2/6/2020 13:18,Shandong,Mainland China,2/6/2020 7:53,347,0,27
2/6/2020 13:18,Sichuan,Mainland China,2/6/2020 8:03,321,1,31
2/6/2020 13:18,Beijing,Mainland China,2/6/2020 3:23,274,1,31
2/6/2020 13:18,Shanghai,Mainland China,2/6/2020 6:53,257,1,25
2/6/2020 13:18,Heilongjiang,Mainland China,2/6/2020 8:13,227,3,8
2/6/2020 13:18,Fujian,Mainland China,2/6/2020 11:03,215,0,14
2/6/2020 13:18,Shaanxi,Mainland China,2/6/2020 13:53,173,0,9
2/6/2020 13:18,Guangxi,Mainland China,2/6/2020 4:13,168,0,14
2/6/2020 13:18,Hebei,Mainland China,2/6/2020 13:53,157,1,13
2/6/2020 13:18,Yunnan,Mainland China,2/6/2020 9:43,133,0,7
2/6/2020 13:18,Hainan,Mainland China,2/6/2020 11:13,106,1,8
2/6/2020 13:18,Liaoning,Mainland China,2/6/2020 14:33,94,0,5
2/6/2020 13:18,Shanxi,Mainland China,2/6/2020 14:13,90,0,12
2/6/2020 13:18,Tianjin,Mainland China,2/6/2020 6:23,78,1,2
2/6/2020 13:18,Guizhou,Mainland China,2/6/2020 9:53,71,1,6
2/6/2020 13:18,Gansu,Mainland China,2/5/2020 16:23,62,0,6
2/6/2020 13:18,Jilin,Mainland China,2/6/2020 14:23,59,0,4
2/6/2020 13:18,Inner Mongolia,Mainland China,2/6/2020 2:23,46,0,4
2/6/2020 13:18,,Japan,2/6/2020 2:53,45,0,1
2/6/2020 13:18,Ningxia,Mainland China,2/6/2020 2:13,40,0,1
2/6/2020 13:18,Xinjiang,Mainland China,2/6/2020 1:13,36,0,0
2/6/2020 13:18,,Singapore,2/5/2020 16:33,28,0,0
2/6/2020 13:18,,Thailand,2/4/2020 15:33,25,0,5
2/6/2020 13:18,Hong Kong,Hong Kong,2/6/2020 14:43,24,1,0
2/6/2020 13:18,,South Korea,2/6/2020 2:53,23,0,0
2/6/2020 13:18,Qinghai,Mainland China,2/6/2020 2:13,18,0,3
2/6/2020 13:18,Taiwan,Taiwan,2/6/2020 15:03,16,0,1
2/6/2020 13:18,,Germany,2/3/2020 20:53,12,0,0
2/6/2020 13:18,,Malaysia,2/5/2020 15:43,12,0,0
2/6/2020 13:18,Macau,Macau,2/6/2020 14:23,10,0,1
2/6/2020 13:18,,Vietnam,2/6/2020 1:13,10,0,1
2/6/2020 13:18,,France,2/1/2020 1:52,6,0,0
2/6/2020 13:18,,United Arab Emirates,2/2/2020 5:43,5,0,0
2/6/2020 13:18,New South Wales,Australia,2/6/2020 3:13,4,0,2
2/6/2020 13:18,Queensland,Australia,2/6/2020 2:53,4,0,0
2/6/2020 13:18,Victoria,Australia,2/1/2020 18:12,4,0,0
2/6/2020 13:18,,India,2/3/2020 21:43,3,0,0
2/6/2020 13:18,South Australia,Australia,2/2/2020 22:33,2,0,0
2/6/2020 13:18,British Columbia,Canada,2/5/2020 17:33,2,0,0
2/6/2020 13:18,"Toronto, ON",Canada,2/4/2020 0:13,2,0,0
2/6/2020 13:18,,Italy,1/31/2020 8:15,2,0,0
2/6/2020 13:18,,Philippines,2/2/2020 3:33,2,1,0
2/6/2020 13:18,,Russia,1/31/2020 16:13,2,0,0
2/6/2020 13:18,,UK,2/1/2020 1:52,2,0,0
2/6/2020 13:18,"Chicago, IL",US,2/1/2020 19:43,2,0,0
2/6/2020 13:18,"San Benito, CA",US,2/3/2020 3:53,2,0,0
2/6/2020 13:18,"Santa Clara, CA",US,2/3/2020 0:43,2,0,0
2/6/2020 13:18,,Belgium,2/4/2020 15:43,1,0,0
2/6/2020 13:18,,Cambodia,1/31/2020 8:15,1,0,0
2/6/2020 13:18,"London, ON",Canada,2/4/2020 0:03,1,0,0
2/6/2020 13:18,,Finland,1/31/2020 8:15,1,0,0
2/6/2020 13:18,Tibet,Mainland China,2/1/2020 1:52,1,0,0
2/6/2020 13:18,,Nepal,1/31/2020 8:15,1,0,0
2/6/2020 13:18,,Spain,2/1/2020 23:43,1,0,0
2/6/2020 13:18,,Sri Lanka,1/31/2020 8:15,1,0,0
2/6/2020 13:18,,Sweden,2/1/2020 2:13,1,0,0
2/6/2020 13:18,"Boston, MA",US,2/1/2020 19:43,1,0,0
2/6/2020 13:18,"Los Angeles, CA",US,2/1/2020 19:53,1,0,0
2/6/2020 13:18,"Madison, WI",US,2/5/2020 21:53,1,0,0
2/6/2020 13:18,"Orange, CA",US,2/1/2020 19:53,1,0,0
2/6/2020 13:18,"Seattle, WA",US,2/1/2020 19:43,1,0,0
2/6/2020 13:18,"Tempe, AZ",US,2/1/2020 19:43,1,0,0
2/5/2020 12:20,Hubei,Mainland China,2/5/2020 16:43,16678,479,538
2/5/2020 12:20,Guangdong,Mainland China,2/5/2020 13:23,895,0,49
2/5/2020 12:20,Zhejiang,Mainland China,2/5/2020 15:13,895,0,78
2/5/2020 12:20,Henan,Mainland China,2/5/2020 15:03,764,2,47
2/5/2020 12:20,Hunan,Mainland China,2/5/2020 15:23,661,0,54
2/5/2020 12:20,Jiangxi,Mainland China,2/5/2020 1:33,548,0,27
2/5/2020 12:20,Anhui,Mainland China,2/5/2020 13:43,530,0,23
2/5/2020 12:20,Chongqing,Mainland China,2/5/2020 9:13,376,2,15
2/5/2020 12:20,Jiangsu,Mainland China,2/5/2020 12:43,341,0,23
2/5/2020 12:20,Shandong,Mainland China,2/5/2020 10:13,307,0,15
2/5/2020 12:20,Sichuan,Mainland China,2/5/2020 10:13,301,1,24
2/5/2020 12:20,Beijing,Mainland China,2/5/2020 5:43,253,1,24
2/5/2020 12:20,Shanghai,Mainland China,2/5/2020 6:23,243,1,15
2/5/2020 12:20,Fujian,Mainland China,2/5/2020 12:33,205,0,11
2/5/2020 12:20,Heilongjiang,Mainland China,2/5/2020 12:13,190,2,7
2/5/2020 12:20,Shaanxi,Mainland China,2/5/2020 8:43,165,0,6
2/5/2020 12:20,Guangxi,Mainland China,2/5/2020 12:03,150,0,13
2/5/2020 12:20,Hebei,Mainland China,2/5/2020 11:23,135,1,6
2/5/2020 12:20,Yunnan,Mainland China,2/5/2020 7:43,124,0,5
2/5/2020 12:20,Hainan,Mainland China,2/5/2020 16:43,99,1,5
2/5/2020 12:20,Liaoning,Mainland China,2/5/2020 15:23,89,0,4
2/5/2020 12:20,Shanxi,Mainland China,2/5/2020 15:23,81,0,5
2/5/2020 12:20,Tianjin,Mainland China,2/5/2020 3:43,69,1,2
2/5/2020 12:20,Guizhou,Mainland China,2/5/2020 12:33,64,1,9
2/5/2020 12:20,Gansu,Mainland China,2/5/2020 16:23,62,0,6
2/5/2020 12:20,Jilin,Mainland China,2/5/2020 11:03,54,0,2
2/5/2020 12:20,Inner Mongolia,Mainland China,2/5/2020 8:53,42,0,3
2/5/2020 12:20,Ningxia,Mainland China,2/4/2020 2:13,34,0,1
2/5/2020 12:20,Xinjiang,Mainland China,2/5/2020 2:03,32,0,0
2/5/2020 12:20,,Singapore,2/5/2020 16:33,28,0,0
2/5/2020 12:20,,Thailand,2/4/2020 15:33,25,0,5
2/5/2020 12:20,,Japan,2/4/2020 16:43,22,0,1
2/5/2020 12:20,Hong Kong,Hong Kong,2/5/2020 13:13,21,1,0
2/5/2020 12:20,,South Korea,2/5/2020 15:33,19,0,0
2/5/2020 12:20,Qinghai,Mainland China,2/5/2020 3:13,17,0,3
2/5/2020 12:20,,Germany,2/3/2020 20:53,12,0,0
2/5/2020 12:20,,Malaysia,2/5/2020 15:43,12,0,0
2/5/2020 12:20,Taiwan,Taiwan,2/4/2020 14:53,11,0,0
2/5/2020 12:20,Macau,Macau,2/4/2020 4:43,10,0,0
2/5/2020 12:20,,Vietnam,2/3/2020 21:43,8,0,1
2/5/2020 12:20,,France,2/1/2020 1:52,6,0,0
2/5/2020 12:20,,United Arab Emirates,2/2/2020 5:43,5,0,0
2/5/2020 12:20,New South Wales,Australia,2/1/2020 18:12,4,0,2
2/5/2020 12:20,Victoria,Australia,2/1/2020 18:12,4,0,0
2/5/2020 12:20,Queensland,Australia,2/4/2020 16:53,3,0,0
2/5/2020 12:20,,India,2/3/2020 21:43,3,0,0
2/5/2020 12:20,South Australia,Australia,2/2/2020 22:33,2,0,0
2/5/2020 12:20,"Toronto, ON",Canada,2/4/2020 0:13,2,0,0
2/5/2020 12:20,,Italy,1/31/2020 8:15,2,0,0
2/5/2020 12:20,,Philippines,2/2/2020 3:33,2,1,0
2/5/2020 12:20,,Russia,1/31/2020 16:13,2,0,0
2/5/2020 12:20,,UK,2/1/2020 1:52,2,0,0
2/5/2020 12:20,"Chicago, IL",US,2/1/2020 19:43,2,0,0
2/5/2020 12:20,"San Benito, CA",US,2/3/2020 3:53,2,0,0
2/5/2020 12:20,"Santa Clara, CA",US,2/3/2020 0:43,2,0,0
2/5/2020 12:20,,Belgium,2/4/2020 15:43,1,0,0
2/5/2020 12:20,,Cambodia,1/31/2020 8:15,1,0,0
2/5/2020 12:20,British Columbia,Canada,2/1/2020 18:12,1,0,0
2/5/2020 12:20,"London, ON",Canada,2/4/2020 0:03,1,0,0
2/5/2020 12:20,,Finland,1/31/2020 8:15,1,0,0
2/5/2020 12:20,Tibet,Mainland China,2/1/2020 1:52,1,0,0
2/5/2020 12:20,,Nepal,1/31/2020 8:15,1,0,0
2/5/2020 12:20,,Spain,2/1/2020 23:43,1,0,0
2/5/2020 12:20,,Sri Lanka,1/31/2020 8:15,1,0,0
2/5/2020 12:20,,Sweden,2/1/2020 2:13,1,0,0
2/5/2020 12:20,"Boston, MA",US,2/1/2020 19:43,1,0,0
2/5/2020 12:20,"Los Angeles, CA",US,2/1/2020 19:53,1,0,0
2/5/2020 12:20,"Orange, CA",US,2/1/2020 19:53,1,0,0
2/5/2020 12:20,"Seattle, WA",US,2/1/2020 19:43,1,0,0
2/5/2020 12:20,"Tempe, AZ",US,2/1/2020 19:43,1,0,0
2/4/2020 22:00,Hubei,Mainland China,2/4/2020 23:43,16678,479,522
2/4/2020 22:00,Zhejiang,Mainland China,2/5/2020 1:33,895,0,63
2/4/2020 22:00,Guangdong,Mainland China,2/5/2020 2:03,870,0,32
2/4/2020 22:00,Henan,Mainland China,2/5/2020 1:13,764,2,41
2/4/2020 22:00,Hunan,Mainland China,2/5/2020 1:43,661,0,35
2/4/2020 22:00,Jiangxi,Mainland China,2/5/2020 1:33,548,0,27
2/4/2020 22:00,Anhui,Mainland China,2/5/2020 1:13,530,0,20
2/4/2020 22:00,Chongqing,Mainland China,2/5/2020 0:13,366,2,14
2/4/2020 22:00,Jiangsu,Mainland China,2/5/2020 2:43,341,0,13
2/4/2020 22:00,Sichuan,Mainland China,2/5/2020 0:53,301,1,23
2/4/2020 22:00,Shandong,Mainland China,2/5/2020 1:03,298,0,13
2/4/2020 22:00,Shanghai,Mainland China,2/5/2020 0:23,233,1,12
2/4/2020 22:00,Beijing,Mainland China,2/4/2020 8:33,228,1,23
2/4/2020 22:00,Fujian,Mainland China,2/4/2020 12:13,194,0,3
2/4/2020 22:00,Heilongjiang,Mainland China,2/5/2020 1:23,190,2,4
2/4/2020 22:00,Shaanxi,Mainland China,2/5/2020 2:43,165,0,2
2/4/2020 22:00,Guangxi,Mainland China,2/5/2020 0:43,150,0,10
2/4/2020 22:00,Hebei,Mainland China,2/5/2020 2:53,135,1,4
2/4/2020 22:00,Yunnan,Mainland China,2/4/2020 23:23,122,0,5
2/4/2020 22:00,Hainan,Mainland China,2/5/2020 2:53,91,1,4
2/4/2020 22:00,Liaoning,Mainland China,2/4/2020 14:13,81,0,2
2/4/2020 22:00,Shanxi,Mainland China,2/4/2020 23:23,81,0,4
2/4/2020 22:00,Tianjin,Mainland China,2/4/2020 13:33,67,0,2
2/4/2020 22:00,Guizhou,Mainland China,2/5/2020 1:23,64,0,5
2/4/2020 22:00,Gansu,Mainland China,2/4/2020 15:43,57,0,4
2/4/2020 22:00,Jilin,Mainland China,2/5/2020 0:43,54,0,1
2/4/2020 22:00,Inner Mongolia,Mainland China,2/5/2020 1:53,42,0,1
2/4/2020 22:00,Ningxia,Mainland China,2/4/2020 2:13,34,0,1
2/4/2020 22:00,Xinjiang,Mainland China,2/5/2020 2:03,32,0,0
2/4/2020 22:00,,Thailand,2/4/2020 15:33,25,0,5
2/4/2020 22:00,,Singapore,2/4/2020 15:33,24,0,0
2/4/2020 22:00,,Japan,2/4/2020 16:43,22,0,1
2/4/2020 22:00,Hong Kong,Hong Kong,2/5/2020 2:33,18,1,0
2/4/2020 22:00,Qinghai,Mainland China,2/5/2020 1:23,17,0,0
2/4/2020 22:00,,South Korea,2/4/2020 15:33,16,0,0
2/4/2020 22:00,,Germany,2/3/2020 20:53,12,0,0
2/4/2020 22:00,Taiwan,Taiwan,2/4/2020 14:53,11,0,0
2/4/2020 22:00,Macau,Macau,2/4/2020 4:43,10,0,0
2/4/2020 22:00,,Malaysia,2/4/2020 7:33,10,0,0
2/4/2020 22:00,,Vietnam,2/3/2020 21:43,8,0,1
2/4/2020 22:00,,France,2/1/2020 1:52,6,0,0
2/4/2020 22:00,,United Arab Emirates,2/2/2020 5:43,5,0,0
2/4/2020 22:00,New South Wales,Australia,2/1/2020 18:12,4,0,2
2/4/2020 22:00,Victoria,Australia,2/1/2020 18:12,4,0,0
2/4/2020 22:00,Queensland,Australia,2/4/2020 16:53,3,0,0
2/4/2020 22:00,,India,2/3/2020 21:43,3,0,0
2/4/2020 22:00,South Australia,Australia,2/2/2020 22:33,2,0,0
2/4/2020 22:00,"Toronto, ON",Canada,2/4/2020 0:13,2,0,0
2/4/2020 22:00,,Italy,1/31/2020 8:15,2,0,0
2/4/2020 22:00,,Philippines,2/2/2020 3:33,2,1,0
2/4/2020 22:00,,Russia,1/31/2020 16:13,2,0,0
2/4/2020 22:00,,UK,2/1/2020 1:52,2,0,0
2/4/2020 22:00,"Chicago, IL",US,2/1/2020 19:43,2,0,0
2/4/2020 22:00,"San Benito, CA",US,2/3/2020 3:53,2,0,0
2/4/2020 22:00,"Santa Clara, CA",US,2/3/2020 0:43,2,0,0
2/4/2020 22:00,,Belgium,2/4/2020 15:43,1,0,0
2/4/2020 22:00,,Cambodia,1/31/2020 8:15,1,0,0
2/4/2020 22:00,British Columbia,Canada,2/1/2020 18:12,1,0,0
2/4/2020 22:00,"London, ON",Canada,2/4/2020 0:03,1,0,0
2/4/2020 22:00,,Finland,1/31/2020 8:15,1,0,0
2/4/2020 22:00,Tibet,Mainland China,2/1/2020 1:52,1,0,0
2/4/2020 22:00,,Nepal,1/31/2020 8:15,1,0,0
2/4/2020 22:00,,Spain,2/1/2020 23:43,1,0,0
2/4/2020 22:00,,Sri Lanka,1/31/2020 8:15,1,0,0
2/4/2020 22:00,,Sweden,2/1/2020 2:13,1,0,0
2/4/2020 22:00,"Boston, MA",US,2/1/2020 19:43,1,0,0
2/4/2020 22:00,"Los Angeles, CA",US,2/1/2020 19:53,1,0,0
2/4/2020 22:00,"Orange, CA",US,2/1/2020 19:53,1,0,0
2/4/2020 22:00,"Seattle, WA",US,2/1/2020 19:43,1,0,0
2/4/2020 22:00,"Tempe, AZ",US,2/1/2020 19:43,1,0,0
2/3/2020 21:40,Hubei,Mainland China,2/4/2020 1:23,13522,414,396
2/3/2020 21:40,Zhejiang,Mainland China,2/4/2020 1:43,829,0,48
2/3/2020 21:40,Guangdong,Mainland China,2/4/2020 1:43,797,0,21
2/3/2020 21:40,Henan,Mainland China,2/4/2020 1:23,675,2,20
2/3/2020 21:40,Hunan,Mainland China,2/4/2020 1:43,593,0,22
2/3/2020 21:40,Anhui,Mainland China,2/4/2020 0:43,480,0,14
2/3/2020 21:40,Jiangxi,Mainland China,2/4/2020 1:43,476,0,19
2/3/2020 21:40,Chongqing,Mainland China,2/3/2020 23:43,337,2,9
2/3/2020 21:40,Jiangsu,Mainland China,2/4/2020 1:03,308,0,8
2/3/2020 21:40,Sichuan,Mainland China,2/4/2020 1:43,282,1,14
2/3/2020 21:40,Shandong,Mainland China,2/4/2020 0:53,270,0,7
2/3/2020 21:40,Beijing,Mainland China,2/3/2020 9:23,212,1,12
2/3/2020 21:40,Shanghai,Mainland China,2/4/2020 0:13,208,1,10
2/3/2020 21:40,Fujian,Mainland China,2/3/2020 11:33,179,0,1
2/3/2020 21:40,Heilongjiang,Mainland China,2/4/2020 0:53,155,2,2
2/3/2020 21:40,Shaanxi,Mainland China,2/4/2020 2:33,142,0,1
2/3/2020 21:40,Guangxi,Mainland China,2/4/2020 0:33,139,0,7
2/3/2020 21:40,Hebei,Mainland China,2/4/2020 0:23,126,1,3
2/3/2020 21:40,Yunnan,Mainland China,2/3/2020 23:23,117,0,5
2/3/2020 21:40,Hainan,Mainland China,2/4/2020 0:43,79,1,4
2/3/2020 21:40,Liaoning,Mainland China,2/3/2020 17:11,74,0,1
2/3/2020 21:40,Shanxi,Mainland China,2/3/2020 23:13,74,0,2
2/3/2020 21:40,Tianjin,Mainland China,2/3/2020 13:53,60,0,1
2/3/2020 21:40,Guizhou,Mainland China,2/4/2020 1:03,56,0,2
2/3/2020 21:40,Gansu,Mainland China,2/3/2020 23:03,55,0,3
2/3/2020 21:40,Jilin,Mainland China,2/4/2020 0:23,42,0,1
2/3/2020 21:40,Inner Mongolia,Mainland China,2/3/2020 3:03,34,0,1
2/3/2020 21:40,Ningxia,Mainland China,2/4/2020 2:13,34,0,1
2/3/2020 21:40,Xinjiang,Mainland China,2/4/2020 1:33,29,0,0
2/3/2020 21:40,,Japan,2/1/2020 18:53,20,0,1
2/3/2020 21:40,,Thailand,1/31/2020 10:37,19,0,5
2/3/2020 21:40,,Singapore,2/2/2020 1:03,18,0,0
2/3/2020 21:40,Hong Kong,Hong Kong,2/2/2020 23:53,15,0,0
2/3/2020 21:40,Qinghai,Mainland China,2/4/2020 1:33,15,0,0
2/3/2020 21:40,,South Korea,2/2/2020 2:23,15,0,0
2/3/2020 21:40,,Germany,2/3/2020 20:53,12,0,0
2/3/2020 21:40,Taiwan,Taiwan,1/31/2020 15:20,10,0,0
2/3/2020 21:40,Macau,Macau,2/2/2020 4:23,8,0,0
2/3/2020 21:40,,Malaysia,1/31/2020 8:15,8,0,0
2/3/2020 21:40,,Vietnam,2/3/2020 21:43,8,0,1
2/3/2020 21:40,,France,2/1/2020 1:52,6,0,0
2/3/2020 21:40,,United Arab Emirates,2/2/2020 5:43,5,0,0
2/3/2020 21:40,New South Wales,Australia,2/1/2020 18:12,4,0,2
2/3/2020 21:40,Victoria,Australia,2/1/2020 18:12,4,0,0
2/3/2020 21:40,,India,2/3/2020 21:43,3,0,0
2/3/2020 21:40,Queensland,Australia,2/2/2020 22:33,2,0,0
2/3/2020 21:40,South Australia,Australia,2/2/2020 22:33,2,0,0
2/3/2020 21:40,"Toronto, ON",Canada,2/4/2020 0:13,2,0,0
2/3/2020 21:40,,Italy,1/31/2020 8:15,2,0,0
2/3/2020 21:40,,Philippines,2/2/2020 3:33,2,1,0
2/3/2020 21:40,,Russia,1/31/2020 16:13,2,0,0
2/3/2020 21:40,,UK,2/1/2020 1:52,2,0,0
2/3/2020 21:40,"Chicago, IL",US,2/1/2020 19:43,2,0,0
2/3/2020 21:40,"San Benito, CA",US,2/3/2020 3:53,2,0,0
2/3/2020 21:40,"Santa Clara, CA",US,2/3/2020 0:43,2,0,0
2/3/2020 21:40,,Cambodia,1/31/2020 8:15,1,0,0
2/3/2020 21:40,British Columbia,Canada,2/1/2020 18:12,1,0,0
2/3/2020 21:40,"London, ON",Canada,2/4/2020 0:03,1,0,0
2/3/2020 21:40,,Finland,1/31/2020 8:15,1,0,0
2/3/2020 21:40,Tibet,Mainland China,2/1/2020 1:52,1,0,0
2/3/2020 21:40,,Nepal,1/31/2020 8:15,1,0,0
2/3/2020 21:40,,Spain,2/1/2020 23:43,1,0,0
2/3/2020 21:40,,Sri Lanka,1/31/2020 8:15,1,0,0
2/3/2020 21:40,,Sweden,2/1/2020 2:13,1,0,0
2/3/2020 21:40,"Boston, MA",US,2/1/2020 19:43,1,0,0
2/3/2020 21:40,"Los Angeles, CA",US,2/1/2020 19:53,1,0,0
2/3/2020 21:40,"Orange, CA",US,2/1/2020 19:53,1,0,0
2/3/2020 21:40,"Seattle, WA",US,2/1/2020 19:43,1,0,0
2/3/2020 21:40,"Tempe, AZ",US,2/1/2020 19:43,1,0,0
2/2/2020 5:00,Hubei,Mainland China,2/1/2020 23:33,11177,350,295
2/2/2020 5:00,Zhejiang,Mainland China,2/2/2020 2:13,661,0,32
2/2/2020 5:00,Guangdong,Mainland China,2/2/2020 8:53,632,0,15
2/2/2020 5:00,Henan,Mainland China,2/2/2020 0:53,493,2,10
2/2/2020 5:00,Hunan,Mainland China,2/2/2020 9:43,463,0,16
2/2/2020 5:00,Anhui,Mainland China,2/2/2020 1:33,340,0,7
2/2/2020 5:00,Jiangxi,Mainland China,2/2/2020 1:23,333,0,12
2/2/2020 5:00,Chongqing,Mainland China,2/2/2020 8:23,300,2,7
2/2/2020 5:00,Jiangsu,Mainland China,2/2/2020 1:13,236,0,7
2/2/2020 5:00,Sichuan,Mainland China,2/2/2020 1:03,231,1,11
2/2/2020 5:00,Shandong,Mainland China,2/2/2020 7:43,230,0,6
2/2/2020 5:00,Shanghai,Mainland China,2/2/2020 8:43,193,1,10
2/2/2020 5:00,Beijing,Mainland China,2/2/2020 5:53,191,1,9
2/2/2020 5:00,Fujian,Mainland China,2/2/2020 3:43,159,0,0
2/2/2020 5:00,Guangxi,Mainland China,2/2/2020 3:23,127,0,2
2/2/2020 5:00,Shaanxi,Mainland China,2/2/2020 0:23,116,0,0
2/2/2020 5:00,Hebei,Mainland China,2/2/2020 2:53,113,1,3
2/2/2020 5:00,Yunnan,Mainland China,2/2/2020 8:03,105,0,3
2/2/2020 5:00,Heilongjiang,Mainland China,2/2/2020 3:23,95,2,2
2/2/2020 5:00,Liaoning,Mainland China,2/2/2020 8:03,70,0,1
2/2/2020 5:00,Shanxi,Mainland China,2/2/2020 9:53,66,0,3
2/2/2020 5:00,Hainan,Mainland China,2/1/2020 23:33,64,1,4
2/2/2020 5:00,Gansu,Mainland China,2/2/2020 9:43,51,0,3
2/2/2020 5:00,Tianjin,Mainland China,2/1/2020 15:43,48,0,1
2/2/2020 5:00,Guizhou,Mainland China,2/2/2020 1:03,38,0,2
2/2/2020 5:00,Ningxia,Mainland China,2/2/2020 1:43,28,0,0
2/2/2020 5:00,Inner Mongolia,Mainland China,2/2/2020 3:43,27,0,1
2/2/2020 5:00,Jilin,Mainland China,2/2/2020 2:33,23,0,1
2/2/2020 5:00,Xinjiang,Mainland China,2/2/2020 0:43,21,0,0
2/2/2020 5:00,,Japan,2/1/2020 18:53,20,0,1
2/2/2020 5:00,,Thailand,1/31/2020 10:37,19,0,5
2/2/2020 5:00,,Singapore,2/2/2020 1:03,18,0,0
2/2/2020 5:00,Hong Kong,Hong Kong,2/2/2020 2:23,15,0,0
2/2/2020 5:00,,South Korea,2/2/2020 1:03,15,0,0
2/2/2020 5:00,Qinghai,Mainland China,2/2/2020 5:33,11,0,0
2/2/2020 5:00,,Germany,1/31/2020 15:20,10,0,0
2/2/2020 5:00,Taiwan,Taiwan,2/1/2020 23:33,10,0,0
2/2/2020 5:00,Macau,Macau,2/2/2020 4:23,8,0,0
2/2/2020 5:00,,Malaysia,1/31/2020 8:15,8,0,0
2/2/2020 5:00,,France,2/1/2020 1:52,6,0,0
2/2/2020 5:00,,Vietnam,2/1/2020 7:38,6,0,1
2/2/2020 5:00,,United Arab Emirates,2/2/2020 5:43,5,0,0
2/2/2020 5:00,New South Wales,Australia,2/1/2020 18:12,4,0,2
2/2/2020 5:00,Victoria,Australia,2/1/2020 18:12,4,0,0
2/2/2020 5:00,Ontario,Canada,2/1/2020 18:12,3,0,0
2/2/2020 5:00,Queensland,Australia,2/1/2020 18:12,2,0,0
2/2/2020 5:00,South Australia,Australia,2/2/2020 6:03,2,0,0
2/2/2020 5:00,,India,1/31/2020 8:15,2,0,0
2/2/2020 5:00,,Italy,2/2/2020 3:33,2,0,0
2/2/2020 5:00,,Philippines,1/31/2020 16:13,2,1,0
2/2/2020 5:00,,Russia,2/1/2020 1:52,2,0,0
2/2/2020 5:00,,UK,2/1/2020 19:43,2,0,0
2/2/2020 5:00,"Chicago, IL",US,2/1/2020 18:12,2,0,0
2/2/2020 5:00,,Cambodia,1/31/2020 8:15,1,0,0
2/2/2020 5:00,British Columbia,Canada,2/1/2020 18:12,1,0,0
2/2/2020 5:00,,Finland,1/31/2020 8:15,1,0,0
2/2/2020 5:00,Tibet,Mainland China,2/1/2020 1:52,1,0,0
2/2/2020 5:00,,Nepal,1/31/2020 8:15,1,0,0
2/2/2020 5:00,,Spain,2/1/2020 23:43,1,0,0
2/2/2020 5:00,,Sri Lanka,1/31/2020 8:15,1,0,0
2/2/2020 5:00,,Sweden,2/1/2020 2:13,1,0,0
2/2/2020 5:00,"Boston, MA",US,2/1/2020 19:43,1,0,0
2/2/2020 5:00,"Los Angeles, CA",US,2/1/2020 19:53,1,0,0
2/2/2020 5:00,"Orange, CA",US,2/1/2020 19:53,1,0,0
2/2/2020 5:00,"Santa Clara, CA",US,2/1/2020 19:53,1,0,0
2/2/2020 5:00,"Seattle, WA",US,2/1/2020 19:43,1,0,0
2/2/2020 5:00,"Tempe, AZ",US,2/1/2020 19:43,1,0,0
2/1/2020 10:00,Hubei,Mainland China,2/1/2020 10:00,7153,249,168
2/1/2020 10:00,Zhejiang,Mainland China,2/1/2020 10:00,599,0,21
2/1/2020 10:00,Guangdong,Mainland China,2/1/2020 10:00,535,0,14
2/1/2020 10:00,Henan,Mainland China,2/1/2020 10:00,422,2,3
2/1/2020 10:00,Hunan,Mainland China,2/1/2020 10:00,389,0,8
2/1/2020 10:00,Anhui,Mainland China,2/1/2020 10:00,297,0,5
2/1/2020 10:00,Jiangxi,Mainland China,2/1/2020 10:00,286,0,9
2/1/2020 10:00,Chongqing,Mainland China,2/1/2020 10:00,247,1,3
2/1/2020 10:00,Sichuan,Mainland China,2/1/2020 10:00,207,1,3
2/1/2020 10:00,Shandong,Mainland China,2/1/2020 10:00,206,0,3
2/1/2020 10:00,Jiangsu,Mainland China,2/1/2020 10:00,202,0,6
2/1/2020 10:00,Shanghai,Mainland China,2/1/2020 10:00,169,1,10
2/1/2020 10:00,Beijing,Mainland China,2/1/2020 10:00,168,1,9
2/1/2020 10:00,Fujian,Mainland China,2/1/2020 10:00,144,0,0
2/1/2020 10:00,Shaanxi,Mainland China,2/1/2020 10:00,101,0,0
2/1/2020 10:00,Guangxi,Mainland China,2/1/2020 10:00,100,0,2
2/1/2020 10:00,Hebei,Mainland China,2/1/2020 10:00,96,1,0
2/1/2020 10:00,Yunnan,Mainland China,2/1/2020 10:00,91,0,2
2/1/2020 10:00,Heilongjiang,Mainland China,2/1/2020 10:00,80,2,2
2/1/2020 10:00,Liaoning,Mainland China,2/1/2020 10:00,63,0,1
2/1/2020 10:00,Hainan,Mainland China,2/1/2020 10:00,62,1,1
2/1/2020 10:00,Shanxi,Mainland China,2/1/2020 10:00,47,0,1
2/1/2020 10:00,Tianjin,Mainland China,2/1/2020 10:00,38,0,0
2/1/2020 10:00,Gansu,Mainland China,2/1/2020 10:00,35,0,0
2/1/2020 10:00,Guizhou,Mainland China,2/1/2020 10:00,29,0,2
2/1/2020 10:00,Ningxia,Mainland China,2/1/2020 10:00,26,0,0
2/1/2020 10:00,Inner Mongolia,Mainland China,2/1/2020 10:00,23,0,1
2/1/2020 10:00,Xinjiang,Mainland China,2/1/2020 10:00,18,0,0
2/1/2020 10:00,Jilin,Mainland China,2/1/2020 10:00,17,0,1
2/1/2020 10:00,Hong Kong,Hong Kong,2/1/2020 10:00,13,0,0
2/1/2020 10:00,Taiwan,Taiwan,2/1/2020 10:00,10,0,0
2/1/2020 10:00,Qinghai,Mainland China,2/1/2020 10:00,9,0,0
2/1/2020 10:00,Macau,Macau,2/1/2020 10:00,7,0,0
2/1/2020 10:00,Tibet,Mainland China,2/1/2020 10:00,1,0,0
2/1/2020 10:00,Washington,US,2/1/2020 10:00,1,0,0
2/1/2020 10:00,Illinois,US,2/1/2020 10:00,2,0,0
2/1/2020 10:00,California,US,2/1/2020 10:00,3,0,0
2/1/2020 10:00,Arizona,US,2/1/2020 10:00,1,0,0
2/1/2020 10:00,,Japan,2/1/2020 10:00,17,0,1
2/1/2020 10:00,,Thailand,2/1/2020 10:00,19,0,7
2/1/2020 10:00,,South Korea,2/1/2020 10:00,12,0,0
2/1/2020 10:00,,Singapore,2/1/2020 10:00,18,0,0
2/1/2020 10:00,,Vietnam,2/1/2020 10:00,6,0,1
2/1/2020 10:00,,France,2/1/2020 10:00,6,0,0
2/1/2020 10:00,,Nepal,2/1/2020 10:00,1,0,0
2/1/2020 10:00,,Malaysia,2/1/2020 10:00,8,0,0
2/1/2020 10:00,Ontario,Canada,2/1/2020 10:00,3,0,0
2/1/2020 10:00,British Columbia,Canada,2/1/2020 10:00,1,0,0
2/1/2020 10:00,,Cambodia,2/1/2020 10:00,1,0,0
2/1/2020 10:00,,Sri Lanka,2/1/2020 10:00,1,0,1
2/1/2020 10:00,New South Wales,Australia,2/1/2020 10:00,4,0,2
2/1/2020 10:00,Victoria,Australia,2/1/2020 10:00,4,0,0
2/1/2020 10:00,Queensland,Australia,2/1/2020 10:00,3,0,0
2/1/2020 10:00,South Australia,Australia,2/1/2020 10:00,1,0,0
2/1/2020 10:00,Bavaria,Germany,2/1/2020 10:00,7,0,0
2/1/2020 10:00,,Finland,2/1/2020 10:00,1,0,0
2/1/2020 10:00,,United Arab Emirates,2/1/2020 10:00,4,0,0
2/1/2020 10:00,,Philippines,2/1/2020 10:00,1,0,0
2/1/2020 10:00,,India,2/1/2020 10:00,1,0,0
2/1/2020 10:00,,Italy,2/1/2020 10:00,2,0,0
2/1/2020 10:00,,Sweden,2/1/2020 10:00,1,0,0
2/1/2020 10:00,,Russia,2/1/2020 10:00,2,0,0
2/1/2020 10:00,,Spain,2/1/2020 10:00,1,0,0
2/1/2020 10:00,,UK,2/1/2020 10:00,2,0,0
1/31/2020 14:00,Hubei,Mainland China,1/31/2020 14:00,5806,204,141
1/31/2020 14:00,Zhejiang,Mainland China,1/31/2020 14:00,538,0,14
1/31/2020 14:00,Guangdong,Mainland China,1/31/2020 14:00,436,0,11
1/31/2020 14:00,Henan,Mainland China,1/31/2020 14:00,352,2,3
1/31/2020 14:00,Hunan,Mainland China,1/31/2020 14:00,332,0,2
1/31/2020 14:00,Jiangxi,Mainland China,1/31/2020 14:00,240,0,7
1/31/2020 14:00,Anhui,Mainland China,1/31/2020 14:00,237,0,3
1/31/2020 14:00,Chongqing,Mainland China,1/31/2020 14:00,211,0,1
1/31/2020 14:00,Shandong,Mainland China,1/31/2020 14:00,184,0,2
1/31/2020 14:00,Sichuan,Mainland China,1/31/2020 14:00,177,1,1
1/31/2020 14:00,Jiangsu,Mainland China,1/31/2020 14:00,168,0,5
1/31/2020 14:00,Beijing,Mainland China,1/31/2020 14:00,139,1,5
1/31/2020 14:00,Shanghai,Mainland China,1/31/2020 14:00,135,1,9
1/31/2020 14:00,Fujian,Mainland China,1/31/2020 14:00,120,0,0
1/31/2020 14:00,Guangxi,Mainland China,1/31/2020 14:00,87,0,2
1/31/2020 14:00,Shaanxi,Mainland China,1/31/2020 14:00,87,0,0
1/31/2020 14:00,Yunnan,Mainland China,1/31/2020 14:00,83,0,1
1/31/2020 14:00,Hebei,Mainland China,1/31/2020 14:00,82,1,0
1/31/2020 14:00,Heilongjiang,Mainland China,1/31/2020 14:00,59,2,0
1/31/2020 14:00,Hainan,Mainland China,1/31/2020 14:00,52,1,1
1/31/2020 14:00,Liaoning,Mainland China,1/31/2020 14:00,48,0,1
1/31/2020 14:00,Shanxi,Mainland China,1/31/2020 14:00,39,0,1
1/31/2020 14:00,Tianjin,Mainland China,1/31/2020 14:00,32,0,0
1/31/2020 14:00,Guizhou,Mainland China,1/31/2020 14:00,29,0,2
1/31/2020 14:00,Gansu,Mainland China,1/31/2020 14:00,29,0,0
1/31/2020 14:00,Ningxia,Mainland China,1/31/2020 14:00,21,0,0
1/31/2020 14:00,Inner Mongolia,Mainland China,1/31/2020 14:00,20,0,1
1/31/2020 14:00,Xinjiang,Mainland China,1/31/2020 14:00,17,0,0
1/31/2020 14:00,Jilin,Mainland China,1/31/2020 14:00,14,0,1
1/31/2020 14:00,Hong Kong,Hong Kong,1/31/2020 14:00,12,0,0
1/31/2020 14:00,Taiwan,Taiwan,1/31/2020 14:00,10,0,0
1/31/2020 14:00,Qinghai,Mainland China,1/31/2020 14:00,8,0,0
1/31/2020 14:00,Macau,Macau,1/31/2020 14:00,7,0,0
1/31/2020 14:00,Tibet,Mainland China,1/31/2020 14:00,1,0,0
1/31/2020 14:00,,Thailand,1/31/2020 14:00,19,0,5
1/31/2020 14:00,,Japan,1/31/2020 14:00,15,0,1
1/31/2020 14:00,,Singapore,1/31/2020 14:00,13,0,0
1/31/2020 14:00,,South Korea,1/31/2020 14:00,11,0,0
1/31/2020 14:00,,Malaysia,1/31/2020 14:00,8,0,0
1/31/2020 14:00,,France,1/31/2020 14:00,5,0,0
1/31/2020 14:00,Bavaria,Germany,1/31/2020 14:00,5,0,0
1/31/2020 14:00,New South Wales,Australia,1/31/2020 14:00,4,0,2
1/31/2020 14:00,,United Arab Emirates,1/31/2020 14:00,4,0,0
1/31/2020 14:00,Victoria,Australia,1/31/2020 14:00,3,0,0
1/31/2020 14:00,Illinois,US,1/31/2020 14:00,2,0,0
1/31/2020 14:00,California,US,1/31/2020 17:00,3,0,0
1/31/2020 14:00,,Vietnam,1/31/2020 14:00,2,0,0
1/31/2020 14:00,Ontario,Canada,1/31/2020 14:00,2,0,0
1/31/2020 14:00,Queensland,Australia,1/31/2020 14:00,2,0,0
1/31/2020 14:00,,Italy,1/31/2020 14:00,2,0,0
1/31/2020 14:00,,UK,1/31/2020 14:00,2,0,0
1/31/2020 14:00,,Russia,1/31/2020 14:00,2,0,0
1/31/2020 14:00,Washington,US,1/31/2020 14:00,1,0,0
1/31/2020 14:00,Arizona,US,1/31/2020 14:00,1,0,0
1/31/2020 14:00,,Nepal,1/31/2020 14:00,1,0,0
1/31/2020 14:00,British Columbia,Canada,1/31/2020 14:00,1,0,0
1/31/2020 14:00,,Cambodia,1/31/2020 14:00,1,0,0
1/31/2020 14:00,,Sri Lanka,1/31/2020 14:00,1,0,0
1/31/2020 14:00,,Finland,1/31/2020 14:00,1,0,0
1/31/2020 14:00,,Philippines,1/31/2020 14:00,1,0,0
1/31/2020 14:00,,India,1/31/2020 14:00,1,0,0
1/31/2020 14:00,,Sweden,1/31/2020 14:00,1,0,0
1/30/2020 11:00,Hubei,Mainland China,1/30/2020 11:00,4903,162,90
1/30/2020 11:00,Zhejiang,Mainland China,1/30/2020 11:00,428,0,4
1/30/2020 11:00,Guangdong,Mainland China,1/30/2020 11:00,354,0,10
1/30/2020 11:00,Henan,Mainland China,1/30/2020 11:00,278,2,2
1/30/2020 11:00,Hunan,Mainland China,1/30/2020 11:00,277,0,2
1/30/2020 11:00,Anhui,Mainland China,1/30/2020 11:00,200,0,2
1/30/2020 11:00,Chongqing,Mainland China,1/30/2020 11:00,182,0,1
1/30/2020 11:00,Jiangxi,Mainland China,1/30/2020 11:00,162,0,5
1/30/2020 11:00,Shandong,Mainland China,1/30/2020 11:00,158,0,1
1/30/2020 11:00,Sichuan,Mainland China,1/30/2020 11:00,142,1,1
1/30/2020 11:00,Jiangsu,Mainland China,1/30/2020 11:00,129,0,1
1/30/2020 11:00,Beijing,Mainland China,1/30/2020 11:00,114,1,4
1/30/2020 11:00,Shanghai,Mainland China,1/30/2020 11:00,112,1,5
1/30/2020 11:00,Fujian,Mainland China,1/30/2020 11:00,101,0,0
1/30/2020 11:00,Guangxi,Mainland China,1/30/2020 11:00,78,0,2
1/30/2020 11:00,Yunnan,Mainland China,1/30/2020 11:00,70,0,0
1/30/2020 11:00,Hebei,Mainland China,1/30/2020 11:00,65,1,0
1/30/2020 11:00,Shaanxi,Mainland China,1/30/2020 11:00,63,0,0
1/30/2020 11:00,Hainan,Mainland China,1/30/2020 11:00,46,1,1
1/30/2020 11:00,Heilongjiang,Mainland China,1/30/2020 11:00,44,2,0
1/30/2020 11:00,Liaoning,Mainland China,1/30/2020 11:00,41,0,1
1/30/2020 11:00,Shanxi,Mainland China,1/30/2020 11:00,35,0,1
1/30/2020 11:00,Tianjin,Mainland China,1/30/2020 11:00,31,0,0
1/30/2020 11:00,Gansu,Mainland China,1/30/2020 11:00,26,0,0
1/30/2020 11:00,Inner Mongolia,Mainland China,1/30/2020 11:00,19,0,0
1/30/2020 11:00,Ningxia,Mainland China,1/30/2020 11:00,17,0,0
1/30/2020 11:00,Jilin,Mainland China,1/30/2020 11:00,14,0,1
1/30/2020 11:00,Xinjiang,Mainland China,1/30/2020 11:00,14,0,0
1/30/2020 11:00,Guizhou,Mainland China,1/30/2020 11:00,12,0,1
1/30/2020 11:00,Hong Kong,Hong Kong,1/30/2020 11:00,10,0,0
1/30/2020 11:00,Taiwan,Taiwan,1/30/2020 11:00,9,0,0
1/30/2020 11:00,Qinghai,Mainland China,1/30/2020 11:00,8,0,0
1/30/2020 11:00,Macau,Macau,1/30/2020 11:00,7,0,0
1/30/2020 11:00,Tibet,Mainland China,1/30/2020 11:00,1,0,0
1/30/2020 11:00,Washington,US,1/30/2020 11:00,1,0,0
1/30/2020 11:00,Illinois,US,1/30/2020 11:00,1,0,0
1/30/2020 11:00,California,US,1/30/2020 11:00,2,0,0
1/30/2020 11:00,Arizona,US,1/30/2020 11:00,1,0,0
1/30/2020 11:00,,Japan,1/30/2020 11:00,11,0,1
1/30/2020 11:00,,Thailand,1/30/2020 11:00,14,0,5
1/30/2020 11:00,,South Korea,1/30/2020 11:00,4,0,0
1/30/2020 11:00,,Singapore,1/30/2020 11:00,10,0,0
1/30/2020 11:00,,Vietnam,1/30/2020 11:00,2,0,0
1/30/2020 11:00,,France,1/30/2020 11:00,5,0,0
1/30/2020 11:00,,Nepal,1/30/2020 11:00,1,0,0
1/30/2020 11:00,,Malaysia,1/30/2020 11:00,8,0,0
1/30/2020 11:00,Ontario,Canada,1/30/2020 11:00,2,0,0
1/30/2020 11:00,British Columbia,Canada,1/30/2020 11:00,1,0,0
1/30/2020 11:00,,Cambodia,1/30/2020 11:00,1,0,0
1/30/2020 11:00,,Sri Lanka,1/30/2020 11:00,1,0,0
1/30/2020 11:00,New South Wales,Australia,1/30/2020 11:00,4,0,2
1/30/2020 11:00,Victoria,Australia,1/30/2020 11:00,2,0,0
1/30/2020 11:00,Queensland,Australia,1/30/2020 11:00,3,0,0
1/30/2020 11:00,Bavaria,Germany,1/30/2020 11:00,4,0,0
1/30/2020 11:00,,Finland,1/30/2020 11:00,1,0,0
1/30/2020 11:00,,United Arab Emirates,1/30/2020 11:00,4,0,0
1/30/2020 11:00,,Philippines,1/30/2020 11:00,1,0,0
1/30/2020 11:00,,India,1/30/2020 11:00,1,0,0
1/29/2020 13:30,Hubei,Mainland China,1/29/2020 13:30,3554,125,80
1/29/2020 13:30,Guangdong,Mainland China,1/29/2020 13:30,277,0,4
1/29/2020 13:30,Zhejiang,Mainland China,1/29/2020 13:30,296,0,3
1/29/2020 13:30,Henan,Mainland China,1/29/2020 13:30,206,2,1
1/29/2020 13:30,Chongqing,Mainland China,1/29/2020 13:30,147,0,0
1/29/2020 13:30,Hunan,Mainland China,1/29/2020 13:30,221,0,0
1/29/2020 13:30,Shandong,Mainland China,1/29/2020 13:30,130,0,1
1/29/2020 13:30,Beijing,Mainland China,1/29/2020 13:30,111,1,4
1/29/2020 13:30,Anhui,Mainland China,1/29/2020 13:30,152,0,2
1/29/2020 13:30,Sichuan,Mainland China,1/29/2020 13:30,108,0,0
1/29/2020 13:30,Fujian,Mainland China,1/29/2020 13:30,84,0,0
1/29/2020 13:30,Shanghai,Mainland China,1/29/2020 13:30,96,1,4
1/29/2020 13:30,Jiangxi,Mainland China,1/29/2020 13:30,109,0,3
1/29/2020 13:30,Jiangsu,Mainland China,1/29/2020 13:30,99,0,1
1/29/2020 13:30,Guangxi,Mainland China,1/29/2020 13:30,58,0,2
1/29/2020 13:30,Shaanxi,Mainland China,1/29/2020 13:30,56,0,0
1/29/2020 13:30,Hainan,Mainland China,1/29/2020 13:30,43,1,1
1/29/2020 13:30,Liaoning,Mainland China,1/29/2020 13:30,39,0,0
1/29/2020 13:30,Yunnan,Mainland China,1/29/2020 13:30,55,0,0
1/29/2020 13:30,Tianjin,Mainland China,1/29/2020 13:30,27,0,0
1/29/2020 13:30,Heilongjiang,Mainland China,1/29/2020 13:30,38,1,0
1/29/2020 13:30,Hebei,Mainland China,1/29/2020 13:30,48,1,0
1/29/2020 13:30,Gansu,Mainland China,1/29/2020 13:30,24,0,0
1/29/2020 13:30,Shanxi,Mainland China,1/29/2020 13:30,27,0,0
1/29/2020 13:30,Inner Mongolia,Mainland China,1/29/2020 13:30,16,0,0
1/29/2020 13:30,Hong Kong,Hong Kong,1/29/2020 13:30,10,0,0
1/29/2020 13:30,Guizhou,Mainland China,1/29/2020 13:30,9,0,0
1/29/2020 13:30,Ningxia,Mainland China,1/29/2020 13:30,12,0,0
1/29/2020 13:30,Jilin,Mainland China,1/29/2020 13:30,9,0,0
1/29/2020 13:30,Macau,Macau,1/29/2020 13:30,7,0,0
1/29/2020 13:30,Taiwan,Taiwan,1/29/2020 13:30,8,0,0
1/29/2020 13:30,Xinjiang,Mainland China,1/29/2020 13:30,13,0,0
1/29/2020 13:30,Qinghai,Mainland China,1/29/2020 13:30,6,0,0
1/29/2020 13:30,Washington,US,1/29/2020 13:30,1,0,0
1/29/2020 13:30,Illinois,US,1/29/2020 13:30,1,0,0
1/29/2020 13:30,California,US,1/29/2020 13:30,2,0,0
1/29/2020 13:30,Arizona,US,1/29/2020 13:30,1,0,0
1/29/2020 13:30,Ontario,Canada,1/29/2020 13:30,3,0,0
1/29/2020 13:30,,Japan,1/29/2020 13:30,7,0,1
1/29/2020 13:30,,Thailand,1/29/2020 13:30,14,0,5
1/29/2020 13:30,,South Korea,1/29/2020 13:30,4,0,0
1/29/2020 13:30,,Singapore,1/29/2020 13:30,7,0,0
1/29/2020 13:30,,Vietnam,1/29/2020 13:30,2,0,0
1/29/2020 13:30,,Nepal,1/29/2020 13:30,1,0,0
1/29/2020 13:30,,Malaysia,1/29/2020 13:30,7,0,0
1/29/2020 13:30,,Cambodia,1/29/2020 13:30,1,0,0
1/29/2020 13:30,,Sri Lanka,1/29/2020 13:30,1,0,0
1/29/2020 13:30,New South Wales,Australia,1/29/2020 13:30,4,0,0
1/29/2020 13:30,Victoria,Australia,1/29/2020 13:30,1,0,0
1/29/2020 13:30,,United Arab Emirates,1/29/2020 13:30,4,0,0
1/29/2020 13:30,,France,1/29/2020 13:30,4,0,0
1/29/2020 13:30,Bavaria,Germany,1/29/2020 13:30,4,0,0
1/28/2020 13:00,Hubei,Mainland China,1/28/2020 13:00,2714,100,52
1/28/2020 13:00,Guangdong,Mainland China,1/28/2020 13:00,207,0,4
1/28/2020 13:00,Zhejiang,Mainland China,1/28/2020 13:00,173,0,3
1/28/2020 13:00,Henan,Mainland China,1/28/2020 13:00,168,1,0
1/28/2020 13:00,Hunan,Mainland China,1/28/2020 13:00,143,0,0
1/28/2020 13:00,Chongqing,Mainland China,1/28/2020 13:00,132,0,0
1/28/2020 13:00,Anhui,Mainland China,1/28/2020 13:00,106,0,0
1/28/2020 13:00,Shandong,Mainland China,1/28/2020 13:00,95,0,0
1/28/2020 13:00,Beijing,Mainland China,1/28/2020 13:00,91,1,4
1/28/2020 13:00,Sichuan,Mainland China,1/28/2020 13:00,90,0,0
1/28/2020 13:00,Fujian,Mainland China,1/28/2020 13:00,80,0,0
1/28/2020 13:00,Jiangxi,Mainland China,1/28/2020 13:00,72,0,3
1/28/2020 13:00,Jiangsu,Mainland China,1/28/2020 13:00,70,0,1
1/28/2020 13:00,Shanghai,Mainland China,1/28/2020 13:00,66,1,4
1/28/2020 13:00,Guangxi,Mainland China,1/28/2020 13:00,51,0,2
1/28/2020 13:00,Shaanxi,Mainland China,1/28/2020 13:00,46,0,0
1/28/2020 13:00,Yunnan,Mainland China,1/28/2020 13:00,44,0,0
1/28/2020 13:00,Hainan,Mainland China,1/28/2020 13:00,40,1,0
1/28/2020 13:00,Liaoning,Mainland China,1/28/2020 13:00,34,0,0
1/28/2020 13:00,Heilongjiang,Mainland China,1/28/2020 13:00,33,1,0
1/28/2020 13:00,Hebei,Mainland China,1/28/2020 13:00,33,1,0
1/28/2020 13:00,Tianjin,Mainland China,1/28/2020 13:00,24,0,0
1/28/2020 13:00,Shanxi,Mainland China,1/28/2020 13:00,20,0,0
1/28/2020 13:00,Gansu,Mainland China,1/28/2020 13:00,19,0,0
1/28/2020 13:00,Inner Mongolia,Mainland China,1/28/2020 13:00,15,0,0
1/28/2020 13:00,Ningxia,Mainland China,1/28/2020 13:00,11,0,0
1/28/2020 13:00,Xinjiang,Mainland China,1/28/2020 13:00,10,0,0
1/28/2020 13:00,Guizhou,Mainland China,1/28/2020 13:00,9,0,0
1/28/2020 13:00,Jilin,Mainland China,1/28/2020 13:00,8,0,0
1/28/2020 13:00,Taiwan,Taiwan,1/28/2020 13:00,8,0,0
1/28/2020 13:00,Hong Kong,Hong Kong,1/28/2020 13:00,8,0,0
1/28/2020 13:00,Macau,Macau,1/28/2020 13:00,7,0,0
1/28/2020 13:00,Qinghai,Mainland China,1/28/2020 13:00,6,0,0
1/28/2020 13:00,Washington,US,1/28/2020 13:00,1,0,0
1/28/2020 13:00,Illinois,US,1/28/2020 13:00,1,0,0
1/28/2020 13:00,California,US,1/28/2020 13:00,2,0,0
1/28/2020 13:00,Arizona,US,1/28/2020 13:00,1,0,0
1/28/2020 13:00,,Japan,1/28/2020 13:00,7,0,1
1/28/2020 13:00,,Thailand,1/28/2020 13:00,14,0,5
1/28/2020 13:00,,South Korea,1/28/2020 13:00,4,0,0
1/28/2020 13:00,,Singapore,1/28/2020 13:00,7,0,0
1/28/2020 13:00,,Vietnam,1/28/2020 13:00,2,0,0
1/28/2020 13:00,,France,1/28/2020 13:00,3,0,0
1/28/2020 13:00,,Nepal,1/28/2020 13:00,1,0,0
1/28/2020 13:00,,Malaysia,1/28/2020 13:00,4,0,0
1/28/2020 13:00,Ontario,Canada,1/28/2020 13:00,2,0,0
1/28/2020 13:00,,Cambodia,1/28/2020 13:00,1,0,0
1/28/2020 13:00,,Sri Lanka,1/28/2020 13:00,1,0,0
1/28/2020 13:00,New South Wales,Australia,1/28/2020 13:00,4,0,0
1/28/2020 13:00,Victoria,Australia,1/28/2020 13:00,1,0,0
1/28/2020 13:00,Bavaria,Germany,1/28/2020 13:00,1,0,0
1/27/2020 9:00,Hubei,Mainland China,1/27/2020 9:00,1423,76,45
1/27/2020 9:00,Guangdong,Mainland China,1/27/2020 9:00,151,0,3
1/27/2020 9:00,Zhejiang,Mainland China,1/27/2020 9:00,128,0,1
1/27/2020 9:00,Henan,Mainland China,1/27/2020 9:00,128,0,0
1/27/2020 9:00,Chongqing,Mainland China,1/27/2020 9:00,110,1,0
1/27/2020 9:00,Hunan,Mainland China,1/27/2020 9:00,100,0,0
1/27/2020 9:00,Shandong,Mainland China,1/27/2020 9:00,75,0,0
1/27/2020 9:00,Beijing,Mainland China,1/27/2020 9:00,72,0,2
1/27/2020 9:00,Anhui,Mainland China,1/27/2020 9:00,70,0,0
1/27/2020 9:00,Sichuan,Mainland China,1/27/2020 9:00,69,0,0
1/27/2020 9:00,Fujian,Mainland China,1/27/2020 9:00,56,0,0
1/27/2020 9:00,Shanghai,Mainland China,1/27/2020 9:00,53,1,3
1/27/2020 9:00,Jiangxi,Mainland China,1/27/2020 9:00,48,0,1
1/27/2020 9:00,Jiangsu,Mainland China,1/27/2020 9:00,47,0,1
1/27/2020 9:00,Guangxi,Mainland China,1/27/2020 9:00,46,0,0
1/27/2020 9:00,Shaanxi,Mainland China,1/27/2020 9:00,35,0,0
1/27/2020 9:00,Hainan,Mainland China,1/27/2020 9:00,33,1,0
1/27/2020 9:00,Liaoning,Mainland China,1/27/2020 9:00,27,0,0
1/27/2020 9:00,Yunnan,Mainland China,1/27/2020 9:00,26,0,0
1/27/2020 9:00,Tianjin,Mainland China,1/27/2020 9:00,22,0,0
1/27/2020 9:00,Heilongjiang,Mainland China,1/27/2020 9:00,21,1,0
1/27/2020 9:00,Hebei,Mainland China,1/27/2020 9:00,18,1,0
1/27/2020 9:00,Gansu,Mainland China,1/27/2020 9:00,14,0,0
1/27/2020 9:00,Shanxi,Mainland China,1/27/2020 9:00,13,0,0
1/27/2020 9:00,Inner Mongolia,Mainland China,1/27/2020 9:00,11,0,0
1/27/2020 9:00,Hong Kong,Hong Kong,1/27/2020 9:00,8,0,0
1/27/2020 9:00,Guizhou,Mainland China,1/27/2020 9:00,7,0,0
1/27/2020 9:00,Ningxia,Mainland China,1/27/2020 9:00,7,0,0
1/27/2020 9:00,Jilin,Mainland China,1/27/2020 9:00,6,0,0
1/27/2020 9:00,Macau,Macau,1/27/2020 9:00,6,0,0
1/27/2020 9:00,Taiwan,Taiwan,1/27/2020 9:00,5,0,0
1/27/2020 9:00,Xinjiang,Mainland China,1/27/2020 9:00,5,0,0
1/27/2020 9:00,Qinghai,Mainland China,1/27/2020 9:00,4,0,0
1/27/2020 9:00,Washington,US,1/27/2020 9:00,1,0,0
1/27/2020 9:00,Illinois,US,1/27/2020 9:00,1,0,0
1/27/2020 9:00,California,US,1/27/2020 9:00,2,0,0
1/27/2020 9:00,Arizona,US,1/27/2020 9:00,1,0,0
1/27/2020 9:00,,Japan,1/27/2020 9:00,4,0,1
1/27/2020 9:00,,Thailand,1/27/2020 9:00,8,0,2
1/27/2020 9:00,,South Korea,1/27/2020 9:00,4,0,0
1/27/2020 9:00,,Singapore,1/27/2020 9:00,4,0,0
1/27/2020 9:00,,Vietnam,1/27/2020 9:00,2,0,0
1/27/2020 9:00,,France,1/27/2020 9:00,3,0,0
1/27/2020 9:00,,Australia,1/27/2020 9:00,5,0,0
1/27/2020 9:00,,Nepal,1/27/2020 9:00,1,0,0
1/27/2020 9:00,,Malaysia,1/27/2020 9:00,4,0,0
1/27/2020 9:00,Ontario,Canada,1/27/2020 9:00,1,0,0
1/27/2020 9:00,,Cambodia,1/27/2020 9:00,1,0,0
1/26/2020 11:00,Hubei,Mainland China,1/26/2020 11:00,1058,52,42
1/26/2020 11:00,Guangdong,Mainland China,1/26/2020 11:00,111,0,2
1/26/2020 11:00,Zhejiang,Mainland China,1/26/2020 11:00,104,0,1
1/26/2020 11:00,Henan,Mainland China,1/26/2020 11:00,83,1,0
1/26/2020 11:00,Chongqing,Mainland China,1/26/2020 11:00,75,0,0
1/26/2020 11:00,Hunan,Mainland China,1/26/2020 11:00,69,0,0
1/26/2020 11:00,Beijing,Mainland China,1/26/2020 11:00,68,0,2
1/26/2020 11:00,Anhui,Mainland China,1/26/2020 11:00,60,0,0
1/26/2020 11:00,Shandong,Mainland China,1/26/2020 11:00,46,0,0
1/26/2020 11:00,Sichuan,Mainland China,1/26/2020 11:00,44,0,0
1/26/2020 11:00,Shanghai,Mainland China,1/26/2020 11:00,40,1,1
1/26/2020 11:00,Guangxi,Mainland China,1/26/2020 11:00,36,0,0
1/26/2020 11:00,Jiangxi,Mainland China,1/26/2020 11:00,36,0,0
1/26/2020 11:00,Fujian,Mainland China,1/26/2020 11:00,35,0,0
1/26/2020 11:00,Jiangsu,Mainland China,1/26/2020 11:00,33,0,1
1/26/2020 11:00,Hainan,Mainland China,1/26/2020 11:00,22,0,0
1/26/2020 11:00,Shaanxi,Mainland China,1/26/2020 11:00,22,0,0
1/26/2020 11:00,Liaoning,Mainland China,1/26/2020 11:00,21,0,0
1/26/2020 11:00,Yunnan,Mainland China,1/26/2020 11:00,16,0,0
1/26/2020 11:00,Heilongjiang,Mainland China,1/26/2020 11:00,15,1,0
1/26/2020 11:00,Tianjin,Mainland China,1/26/2020 11:00,14,0,0
1/26/2020 11:00,Hebei,Mainland China,1/26/2020 11:00,13,1,0
1/26/2020 11:00,Shanxi,Mainland China,1/26/2020 11:00,9,0,0
1/26/2020 11:00,Hong Kong,Hong Kong,1/26/2020 11:00,8,0,0
1/26/2020 11:00,Inner Mongolia,Mainland China,1/26/2020 11:00,7,0,0
1/26/2020 11:00,Gansu,Mainland China,1/26/2020 11:00,7,0,0
1/26/2020 11:00,Guizhou,Mainland China,1/26/2020 11:00,5,0,0
1/26/2020 11:00,Macau,Macau,1/26/2020 11:00,5,0,0
1/26/2020 11:00,Ningxia,Mainland China,1/26/2020 11:00,4,0,0
1/26/2020 11:00,Jilin,Mainland China,1/26/2020 11:00,4,0,0
1/26/2020 11:00,Taiwan,Taiwan,1/26/2020 11:00,4,0,0
1/26/2020 11:00,Xinjiang,Mainland China,1/26/2020 11:00,4,0,0
1/26/2020 11:00,Qinghai,Mainland China,1/26/2020 11:00,1,0,0
1/26/2020 11:00,Washington,US,1/26/2020 11:00,1,0,0
1/26/2020 11:00,Illinois,US,1/26/2020 11:00,1,0,0
1/26/2020 11:00,California,US,1/26/2020 11:00,1,0,0
1/26/2020 11:00,,Japan,1/26/2020 11:00,4,0,1
1/26/2020 11:00,,Thailand,1/26/2020 11:00,8,0,2
1/26/2020 11:00,,South Korea,1/26/2020 11:00,3,0,0
1/26/2020 11:00,,Singapore,1/26/2020 11:00,4,0,0
1/26/2020 11:00,,Vietnam,1/26/2020 11:00,2,0,0
1/26/2020 11:00,,France,1/26/2020 11:00,3,0,0
1/26/2020 11:00,,Australia,1/26/2020 11:00,4,0,0
1/26/2020 11:00,,Nepal,1/26/2020 11:00,1,0,0
1/26/2020 11:00,,Malaysia,1/26/2020 11:00,4,0,0
1/26/2020 11:00,Ontario,Canada,1/26/2020 11:00,1,0,0
1/25/2020 0:00,Hubei,Mainland China,1/25/2020 0:00,729,39,32
1/25/2020 0:00,Guangdong,Mainland China,1/25/2020 0:00,78,0,2
1/25/2020 0:00,Zhejiang,Mainland China,1/25/2020 0:00,62,0,1
1/25/2020 0:00,Chongqing,Mainland China,1/25/2020 0:00,57,0,0
1/25/2020 0:00,Hunan,Mainland China,1/25/2020 0:00,43,0,0
1/25/2020 0:00,Anhui,Mainland China,1/25/2020 0:00,39,0,0
1/25/2020 0:00,Beijing,Mainland China,1/25/2020 0:00,36,0,1
1/25/2020 0:00,Shanghai,Mainland China,1/25/2020 0:00,33,0,1
1/25/2020 0:00,Henan,Mainland China,1/25/2020 0:00,32,0,0
1/25/2020 0:00,Sichuan,Mainland China,1/25/2020 0:00,28,0,0
1/25/2020 0:00,Guangxi,Mainland China,1/25/2020 0:00,23,0,0
1/25/2020 0:00,Shandong,Mainland China,1/25/2020 0:00,21,0,0
1/25/2020 0:00,Jiangxi,Mainland China,1/25/2020 0:00,18,0,0
1/25/2020 0:00,Jiangsu,Mainland China,1/25/2020 0:00,18,0,1
1/25/2020 0:00,Hainan,Mainland China,1/25/2020 0:00,17,0,0
1/25/2020 0:00,Liaoning,Mainland China,1/25/2020 0:00,15,0,0
1/25/2020 0:00,Fujian,Mainland China,1/25/2020 0:00,10,0,0
1/25/2020 0:00,Heilongjiang,Mainland China,1/25/2020 0:00,9,1,0
1/25/2020 0:00,Tianjin,Mainland China,1/25/2020 0:00,8,0,0
1/25/2020 0:00,Hebei,Mainland China,1/25/2020 0:00,8,1,0
1/25/2020 0:00,Shanxi,Mainland China,1/25/2020 0:00,6,0,0
1/25/2020 0:00,Yunnan,Mainland China,1/25/2020 0:00,5,0,0
1/25/2020 0:00,Hong Kong,Hong Kong,1/25/2020 0:00,5,0,0
1/25/2020 0:00,Shaanxi,Mainland China,1/25/2020 0:00,5,0,0
1/25/2020 0:00,Guizhou,Mainland China,1/25/2020 0:00,4,0,0
1/25/2020 0:00,Jilin,Mainland China,1/25/2020 0:00,4,0,0
1/25/2020 0:00,Gansu,Mainland China,1/25/2020 0:00,4,0,0
1/25/2020 0:00,Ningxia,Mainland China,1/25/2020 0:00,3,0,0
1/25/2020 0:00,Taiwan,Taiwan,1/25/2020 0:00,3,0,0
1/25/2020 0:00,Xinjiang,Mainland China,1/25/2020 0:00,3,0,0
1/25/2020 0:00,Macau,Macau,1/25/2020 0:00,2,0,0
1/25/2020 0:00,Inner Mongolia,Mainland China,1/25/2020 0:00,2,0,0
1/25/2020 0:00,Qinghai,Mainland China,1/25/2020 0:00,0,0,0
1/25/2020 0:00,Washington,US,1/25/2020 0:00,1,0,0
1/25/2020 0:00,Illinois,US,1/25/2020 0:00,1,0,0
1/25/2020 0:00,,Japan,1/25/2020 0:00,2,0,0
1/25/2020 0:00,,Thailand,1/25/2020 0:00,5,0,0
1/25/2020 0:00,,South Korea,1/25/2020 0:00,2,0,0
1/25/2020 0:00,,Singapore,1/25/2020 0:00,3,0,0
1/25/2020 0:00,,Vietnam,1/25/2020 0:00,2,0,0
1/25/2020 0:00,,France,1/25/2020 0:00,3,0,0
1/25/2020 0:00,,Australia,1/25/2020 0:00,1,0,0
1/25/2020 0:00,,Nepal,1/25/2020 0:00,1,0,0
1/25/2020 0:00,,Malaysia,1/25/2020 0:00,3,0,0
1/24/2020 0:00,Hubei,Mainland China,1/24/2020 0:00,549,24,31
1/24/2020 0:00,Guangdong,Mainland China,1/24/2020 0:00,53,0,2
1/24/2020 0:00,Zhejiang,Mainland China,1/24/2020 0:00,43,0,1
1/24/2020 0:00,Beijing,Mainland China,1/24/2020 0:00,26,0,0
1/24/2020 0:00,Shanghai,Mainland China,1/24/2020 0:00,20,0,0
1/24/2020 0:00,Hunan,Mainland China,1/24/2020 0:00,24,0,0
1/24/2020 0:00,Anhui,Mainland China,1/24/2020 0:00,15,0,0
1/24/2020 0:00,Chongqing,Mainland China,1/24/2020 0:00,27,0,0
1/24/2020 0:00,Sichuan,Mainland China,1/24/2020 0:00,15,0,0
1/24/2020 0:00,Shandong,Mainland China,1/24/2020 0:00,9,0,0
1/24/2020 0:00,Guangxi,Mainland China,1/24/2020 0:00,13,0,0
1/24/2020 0:00,Fujian,Mainland China,1/24/2020 0:00,5,0,0
1/24/2020 0:00,Jiangsu,Mainland China,1/24/2020 0:00,9,0,0
1/24/2020 0:00,Henan,Mainland China,1/24/2020 0:00,9,0,0
1/24/2020 0:00,Hainan,Mainland China,1/24/2020 0:00,8,0,0
1/24/2020 0:00,Tianjin,Mainland China,1/24/2020 0:00,5,0,0
1/24/2020 0:00,Jiangxi,Mainland China,1/24/2020 0:00,7,0,0
1/24/2020 0:00,Shaanxi,Mainland China,1/24/2020 0:00,3,0,0
1/24/2020 0:00,Guizhou,Mainland China,1/24/2020 0:00,3,0,0
1/24/2020 0:00,Liaoning,Mainland China,1/24/2020 0:00,4,0,0
1/24/2020 0:00,Hong Kong,Hong Kong,1/24/2020 0:00,2,0,0
1/24/2020 0:00,Heilongjiang,Mainland China,1/24/2020 0:00,4,1,0
1/24/2020 0:00,Macau,Macau,1/24/2020 0:00,2,0,0
1/24/2020 0:00,Xinjiang,Mainland China,1/24/2020 0:00,2,0,0
1/24/2020 0:00,Gansu,Mainland China,1/24/2020 0:00,2,0,0
1/24/2020 0:00,Yunnan,Mainland China,1/24/2020 0:00,2,0,0
1/24/2020 0:00,Taiwan,Taiwan,1/24/2020 0:00,1,0,0
1/24/2020 0:00,Shanxi,Mainland China,1/24/2020 0:00,1,0,0
1/24/2020 0:00,Jilin,Mainland China,1/24/2020 0:00,3,0,0
1/24/2020 0:00,Hebei,Mainland China,1/24/2020 0:00,2,1,0
1/24/2020 0:00,Ningxia,Mainland China,1/24/2020 0:00,1,0,0
1/24/2020 0:00,Inner Mongolia,Mainland China,1/24/2020 0:00,1,0,0
1/24/2020 0:00,Washington,US,1/24/2020 0:00,1,0,0
1/24/2020 0:00,,Japan,1/24/2020 0:00,2,0,0
1/24/2020 0:00,,Thailand,1/24/2020 0:00,4,0,0
1/24/2020 0:00,,South Korea,1/24/2020 0:00,1,0,0
1/24/2020 0:00,,Singapore,1/24/2020 0:00,1,0,0
1/24/2020 0:00,,Vietnam,1/24/2020 0:00,2,0,0
1/23/2020 12:00,Anhui,Mainland China,1/23/2020 12:00,9,0,0
1/23/2020 12:00,Beijing,Mainland China,1/23/2020 12:00,22,0,0
1/23/2020 12:00,Chongqing,Mainland China,1/23/2020 12:00,9,0,0
1/23/2020 12:00,Fujian,Mainland China,1/23/2020 12:00,5,0,0
1/23/2020 12:00,Gansu,Mainland China,1/23/2020 12:00,2,0,0
1/23/2020 12:00,Guangdong,Mainland China,1/23/2020 12:00,32,0,2
1/23/2020 12:00,Guangxi,Mainland China,1/23/2020 12:00,5,0,0
1/23/2020 12:00,Guizhou,Mainland China,1/23/2020 12:00,3,0,0
1/23/2020 12:00,Hainan,Mainland China,1/23/2020 12:00,5,0,0
1/23/2020 12:00,Hebei,Mainland China,1/23/2020 12:00,1,1,0
1/23/2020 12:00,Heilongjiang,Mainland China,1/23/2020 12:00,2,0,0
1/23/2020 12:00,Henan,Mainland China,1/23/2020 12:00,5,0,0
1/23/2020 12:00,Hong Kong,Hong Kong,1/23/2020 12:00,2,0,0
1/23/2020 12:00,Hubei,Mainland China,1/23/2020 12:00,444,17,28
1/23/2020 12:00,Hunan,Mainland China,1/23/2020 12:00,9,0,0
1/23/2020 12:00,Inner Mongolia,Mainland China,1/23/2020 12:00,0,0,0
1/23/2020 12:00,Jiangsu,Mainland China,1/23/2020 12:00,5,0,0
1/23/2020 12:00,Jiangxi,Mainland China,1/23/2020 12:00,7,0,0
1/23/2020 12:00,Jilin,Mainland China,1/23/2020 12:00,1,0,0
1/23/2020 12:00,Liaoning,Mainland China,1/23/2020 12:00,3,0,0
1/23/2020 12:00,Macau,Macau,1/23/2020 12:00,2,0,0
1/23/2020 12:00,Ningxia,Mainland China,1/23/2020 12:00,1,0,0
1/23/2020 12:00,Qinghai,Mainland China,1/23/2020 12:00,0,0,0
1/23/2020 12:00,Shaanxi,Mainland China,1/23/2020 12:00,3,0,0
1/23/2020 12:00,Shandong,Mainland China,1/23/2020 12:00,6,0,0
1/23/2020 12:00,Shanghai,Mainland China,1/23/2020 12:00,16,0,0
1/23/2020 12:00,Shanxi,Mainland China,1/23/2020 12:00,1,0,0
1/23/2020 12:00,Sichuan,Mainland China,1/23/2020 12:00,8,0,0
1/23/2020 12:00,Taiwan,Taiwan,1/23/2020 12:00,1,0,0
1/23/2020 12:00,Tianjin,Mainland China,1/23/2020 12:00,4,0,0
1/23/2020 12:00,Tibet,Mainland China,1/23/2020 12:00,0,0,0
1/23/2020 12:00,Washington,US,1/23/2020 12:00,1,0,0
1/23/2020 12:00,Xinjiang,Mainland China,1/23/2020 12:00,2,0,0
1/23/2020 12:00,Yunnan,Mainland China,1/23/2020 12:00,2,0,0
1/23/2020 12:00,Zhejiang,Mainland China,1/23/2020 12:00,27,0,0
1/23/2020 12:00,,Japan,1/23/2020 12:00,1,0,0
1/23/2020 12:00,,Thailand,1/23/2020 12:00,3,0,0
1/23/2020 12:00,,South Korea,1/23/2020 12:00,1,0,0
1/23/2020 12:00,,Singapore,1/23/2020 12:00,1,0,0
1/23/2020 12:00,,Philippines,1/23/2020 12:00,0,0,0
1/23/2020 12:00,,Malaysia,1/23/2020 12:00,0,0,0
1/23/2020 12:00,,Vietnam,1/23/2020 12:00,2,0,0
1/23/2020 12:00,,Australia,1/23/2020 12:00,0,0,0
1/23/2020 12:00,,Mexico,1/23/2020 12:00,0,0,0
1/23/2020 12:00,,Brazil,1/23/2020 12:00,0,0,0
1/23/2020 12:00,,Colombia,1/23/2020 12:00,0,0,0
1/22/2020 12:00,Anhui,Mainland China,1/22/2020 12:00,1,0,0
1/22/2020 12:00,Beijing,Mainland China,1/22/2020 12:00,14,0,0
1/22/2020 12:00,Chongqing,Mainland China,1/22/2020 12:00,6,0,0
1/22/2020 12:00,Fujian,Mainland China,1/22/2020 12:00,1,0,0
1/22/2020 12:00,Gansu,Mainland China,1/22/2020 12:00,0,0,0
1/22/2020 12:00,Guangdong,Mainland China,1/22/2020 12:00,26,0,0
1/22/2020 12:00,Guangxi,Mainland China,1/22/2020 12:00,2,0,0
1/22/2020 12:00,Guizhou,Mainland China,1/22/2020 12:00,1,0,0
1/22/2020 12:00,Hainan,Mainland China,1/22/2020 12:00,4,0,0
1/22/2020 12:00,Hebei,Mainland China,1/22/2020 12:00,1,0,0
1/22/2020 12:00,Heilongjiang,Mainland China,1/22/2020 12:00,0,0,0
1/22/2020 12:00,Henan,Mainland China,1/22/2020 12:00,5,0,0
1/22/2020 12:00,Hong Kong,Mainland China,1/22/2020 12:00,0,0,0
1/22/2020 12:00,Hubei,Mainland China,1/22/2020 12:00,444,9,0
1/22/2020 12:00,Hunan,Mainland China,1/22/2020 12:00,4,0,0
1/22/2020 12:00,Inner Mongolia,Mainland China,1/22/2020 12:00,0,0,0
1/22/2020 12:00,Jiangsu,Mainland China,1/22/2020 12:00,1,0,0
1/22/2020 12:00,Jiangxi,Mainland China,1/22/2020 12:00,2,0,0
1/22/2020 12:00,Jilin,Mainland China,1/22/2020 12:00,0,0,0
1/22/2020 12:00,Liaoning,Mainland China,1/22/2020 12:00,2,0,0
1/22/2020 12:00,Macau,Mainland China,1/22/2020 12:00,1,0,0
1/22/2020 12:00,Ningxia,Mainland China,1/22/2020 12:00,1,0,0
1/22/2020 12:00,Qinghai,Mainland China,1/22/2020 12:00,0,0,0
1/22/2020 12:00,Shaanxi,Mainland China,1/22/2020 12:00,0,0,0
1/22/2020 12:00,Shandong,Mainland China,1/22/2020 12:00,2,0,0
1/22/2020 12:00,Shanghai,Mainland China,1/22/2020 12:00,9,0,0
1/22/2020 12:00,Shanxi,Mainland China,1/22/2020 12:00,1,0,0
1/22/2020 12:00,Sichuan,Mainland China,1/22/2020 12:00,5,0,0
1/22/2020 12:00,Taiwan,Mainland China,1/22/2020 12:00,1,0,0
1/22/2020 12:00,Tianjin,Mainland China,1/22/2020 12:00,4,0,0
1/22/2020 12:00,Tibet,Mainland China,1/22/2020 12:00,0,0,0
1/22/2020 12:00,Washington,US,1/22/2020 12:00,1,0,0
1/22/2020 12:00,Xinjiang,Mainland China,1/22/2020 12:00,0,0,0
1/22/2020 12:00,Yunnan,Mainland China,1/22/2020 12:00,1,0,0
1/22/2020 12:00,Zhejiang,Mainland China,1/22/2020 12:00,10,0,0
1/22/2020 12:00,,Japan,1/22/2020 12:00,2,0,0
1/22/2020 12:00,,Thailand,1/22/2020 12:00,2,0,0
1/22/2020 12:00,,South Korea,1/22/2020 12:00,1,0,0
1/22/2020 0:00,Shanghai,Mainland China,1/22/2020 0:00,9,0,0
1/22/2020 0:00,Yunnan,Mainland China,1/22/2020 0:00,1,0,0
1/22/2020 0:00,Beijing,Mainland China,1/22/2020 0:00,10,0,0
1/22/2020 0:00,Taiwan,Mainland China,1/22/2020 0:00,1,0,0
1/22/2020 0:00,Jilin,Mainland China,1/22/2020 0:00,0,0,0
1/22/2020 0:00,Sichuan,Mainland China,1/22/2020 0:00,2,0,0
1/22/2020 0:00,Tianjin,Mainland China,1/22/2020 0:00,2,0,0
1/22/2020 0:00,Ningxia,Mainland China,1/22/2020 0:00,0,0,0
1/22/2020 0:00,Anhui,Mainland China,1/22/2020 0:00,0,0,0
1/22/2020 0:00,Shandong,Mainland China,1/22/2020 0:00,1,0,0
1/22/2020 0:00,Guangdong,Mainland China,1/22/2020 0:00,17,0,0
1/22/2020 0:00,Guangxi,Mainland China,1/22/2020 0:00,0,0,0
1/22/2020 0:00,Jiangxi,Mainland China,1/22/2020 0:00,2,0,0
1/22/2020 0:00,Henan,Mainland China,1/22/2020 0:00,1,0,0
1/22/2020 0:00,Zhejiang,Mainland China,1/22/2020 0:00,5,0,0
1/22/2020 0:00,Hainan,Mainland China,1/22/2020 0:00,0,0,0
1/22/2020 0:00,Hubei,Mainland China,1/22/2020 0:00,270,6,0
1/22/2020 0:00,Hunan,Mainland China,1/22/2020 0:00,1,0,0
1/22/2020 0:00,Guizhou,Mainland China,1/22/2020 0:00,0,0,0
1/22/2020 0:00,Liaoning,Mainland China,1/22/2020 0:00,0,0,0
1/22/2020 0:00,Chongqing,Mainland China,1/22/2020 0:00,5,0,0
1/22/2020 0:00,Hong Kong,Mainland China,1/22/2020 0:00,0,0,0
1/22/2020 0:00,Heilongjiang,Mainland China,1/22/2020 0:00,0,0,0
1/22/2020 0:00,,Japan,1/22/2020 0:00,1,0,0
1/22/2020 0:00,,Thailand,1/22/2020 0:00,2,0,0
1/22/2020 0:00,,South Korea,1/22/2020 0:00,1,0,0
1/22/2020 0:00,Washington,United States,1/22/2020 0:00,1,0,0
